list_group	label
Source_disease	Acanthoma fissuratum
Source_disease	Acanthosis palmaris
Source_disease	Acne vulgaris
Source_disease	Acquired dermal macular hyperpigmentation
Source_disease	Acquired lymphangiectasia
Source_disease	Acral lentiginous melanoma
Source_disease	Acrodermatitis continua of Hallopeau
Source_disease	Acrodermatitis enteropathica
Source_disease	Acrokeratosis verruciformis of Hopf
Source_disease	Acropustulosis of infancy
Source_disease	Actinic cheilitis
Source_disease	Actinic keratosis
Source_disease	Actinic prurigo
Source_disease	Acute febrile neutrophilic dermatosis (Sweet syndrome)
Source_disease	Acute generalised exanthematous pustulosis
Source_disease	Acute hepatic porphyrias
Source_disease	Acute localised exanthematous pustulosis
Source_disease	Adult-onset Still disease
Source_disease	Aeromonas skin infection
Source_disease	Airborne contact dermatitis
Source_disease	Alkaptonuria and ochronosis
Source_disease	Alopecia areata
Source_disease	Alopecia from drugs
Source_disease	Alopecia mucinosa
Source_disease	Amelanotic melanoma
Source_disease	Amputation stump dermatoses
Source_disease	Amyloidosis cutis dyschromica
Source_disease	Anagen effluvium
Source_disease	Anal cancer and anal canal cancer
Source_disease	Anetoderma
Source_disease	Angiofibroma
Source_disease	Angioma serpiginosum
Source_disease	Angular cheilitis
Source_disease	Anogenital squamous cell carcinoma
Source_disease	Anogenital wart
Source_disease	Anthrax
Source_disease	Antisynthetase syndrome
Source_disease	Aphthous ulcer
Source_disease	Apocrine chromhidrosis
Source_disease	Arthropod bites and stings
Source_disease	Aspergillosis
Source_disease	Asteatotic eczema
Source_disease	Atopic dermatitis
Source_disease	Atrophoderma of Pasini and Pierini
Source_disease	Atypical fibroxanthoma
Source_disease	Atypical melanocytic naevus
Source_disease	Atypical mycobacterial infection
Source_disease	Atypical solar lentigo
Source_disease	Bacterial folliculitis
Source_disease	Basal cell carcinoma
Source_disease	Bazin_s hydroa vacciniforme
Source_disease	Benign familial pemphigus
Source_disease	Benign hereditary telangiectasia
Source_disease	Birt-Hogg-Dubé syndrome
Source_disease	Blue nevus
Source_disease	Boil
Source_disease	Bullous pemphigoid
Source_disease	Calcinosis cutis
Source_disease	Calciphylaxis
Source_disease	Capillary vascular malformation
Source_disease	Carotenoderma
Source_disease	Cellulitis
Source_disease	Cherry angioma
Source_disease	Chilblains
Source_disease	Chloracne _ MADISH
Source_disease	Cold urticaria
Source_disease	Colloid milium
Source_disease	Congenital melanocytic naevus
Source_disease	Cryoglobulinaemia
Source_disease	Cutaneous abscess
Source_disease	Cutaneous amyloidosis
Source_disease	Cutaneous horn
Source_disease	Cutaneous larva migrans
Source_disease	Cutaneous lupus erythematosus
Source_disease	Cutaneous tuberculosis
Source_disease	Cutaneous vasculitis
Source_disease	Cutis marmorata telangiectatica congenita
Source_disease	Cutis verticis gyrata
Source_disease	Cytophagic histiocytic panniculitis
Source_disease	Delayed pressure urticaria
Source_disease	Dermatitis artefacta
Source_disease	Dermatofibroma
Source_disease	Dermatosis papulosa nigra
Source_disease	Digital myxoid pseudocyst
Source_disease	Discoid eczema
Source_disease	Discoid lupus erythematosus
Source_disease	Disseminate and recurrent infundibulofolliculitis
Source_disease	Disseminated secondary eczema
Source_disease	Disseminated superficial actinic porokeratosis
Source_disease	Dowling-Degos disease
Source_disease	Dry gangrene
Source_disease	Dyshidrotic eczema (pompholyx)
Source_disease	Dystrophic epidermolysis bullosa
Source_disease	Eccrine porocarcinoma
Source_disease	Ecthyma
Source_disease	Eczema herpeticum
Source_disease	Elastolytic giant cell granuloma
Source_disease	Elastosis
Source_disease	Elastosis perforans serpiginosa
Source_disease	Eosinophilic pustular folliculitis
Source_disease	Epidermal naevus
Source_disease	Epidermoid cyst
Source_disease	Epidermolysis bullosa
Source_disease	Epidermolysis bullosa acquisita
Source_disease	Erosive lichen planus
Source_disease	Erysipelas
Source_disease	Erysipeloid
Source_disease	Erythema ab igne
Source_disease	Erythema annulare centrifugum
Source_disease	Erythema dyschromicum perstans
Source_disease	Erythema elevatum diutinum
Source_disease	Erythema infectiosum
Source_disease	Erythema multiforme
Source_disease	Erythema nodosum
Source_disease	Erythrodermic psoriasis
Source_disease	Erythrokeratoderma
Source_disease	Exanthems
Source_disease	Exercise-induced vasculitis
Source_disease	Exfoliative cheilitis
Source_disease	Extramammary Paget disease of skin
Source_disease	Eyelid contact dermatitis
Source_disease	Fabry disease
Source_disease	Facial psoriasis
Source_disease	Fissured tongue
Source_disease	Flea bite
Source_disease	Flexural psoriasis
Source_disease	Foreign body granuloma
Source_disease	Generalised essential telangiectasia
Source_disease	Generalised pustular psoriasis
Source_disease	Genital Crohn disease
Source_disease	Genital herpes
Source_disease	Genital psoriasis
Source_disease	Geographic tongue
Source_disease	Gingivitis and periodontitis
Source_disease	Glomus tumour
Source_disease	Gout
Source_disease	Granular parakeratosis
Source_disease	Granuloma annulare
Source_disease	Granuloma faciale
Source_disease	Granuloma inguinale
Source_disease	Granulomatous dermatitis
Source_disease	Hairy tongue
Source_disease	Halo naevus
Source_disease	Hand dermatitis
Source_disease	Henoch–Schönlein purpura
Source_disease	Hereditary haemorrhagic telangiectasia
Source_disease	Herpangina
Source_disease	Herpes simplex
Source_disease	Herpes zoster
Source_disease	Hidradenitis suppurativa
Source_disease	Hyperhidrosis
Source_disease	Hyperkeratotic palmar dermatitis
Source_disease	Ichthyosis
Source_disease	Impetigo
Source_disease	Intralymphatic histiocytosis
Source_disease	Intravascular lymphoma
Source_disease	Jessner lymphocytic infiltrate
Source_disease	Kaposi sarcoma
Source_disease	Keloid scar
Source_disease	Keratoelastoidosis marginalis
Source_disease	Keratolytic winter erythema
Source_disease	Keratosis pilaris
Source_disease	Kerion
Source_disease	Kyrle disease
Source_disease	Leg ulcer
Source_disease	Leishmaniasis
Source_disease	Leprosy
Source_disease	Leukaemia cutis
Source_disease	Lichen myxoedematosus
Source_disease	Lichen nitidus
Source_disease	Lichen planus
Source_disease	Lichen simplex
Source_disease	Lichenoid keratosis
Source_disease	Lupus pernio
Source_disease	Lymphatic malformation
Source_disease	Macroglossia
Source_disease	Macular amyloidosis
Source_disease	Maculopapular cutaneous mastocytosis
Source_disease	Madarosis
Source_disease	Majocchi granuloma
Source_disease	Malassezia folliculitis
Source_disease	Male pattern hair loss
Source_disease	Malignant atrophic papulosis
Source_disease	Malignant histiocytoses
Source_disease	Marfan syndrome
Source_disease	Marjolin ulcer
Source_disease	Martorell ulcer
Source_disease	Mastocytoma
Source_disease	Measles
Source_disease	Median canaliform nail dystrophy
Source_disease	Melanocytic naevus
Source_disease	Melanoma
Source_disease	Melanoma in situ
Source_disease	Melanonychia
Source_disease	Melanotic macule
Source_disease	Melasma
Source_disease	Meningococcal disease
Source_disease	Merkel cell carcinoma
Source_disease	Metastatic melanoma
Source_disease	Meyerson naevus
Source_disease	Mid-dermal elastolysis
Source_disease	Milium
Source_disease	Milker_s nodule
Source_disease	Mixed connective tissue disease
Source_disease	Molluscum contagiosum
Source_disease	Morbilliform drug reaction
Source_disease	Morphoea
Source_disease	Morphoea en coup de sabre
Source_disease	Mucocoele of the lip
Source_disease	Multicentric reticulohistiocytosis
Source_disease	Multiple self-healing squamous epitheliomas of Ferguson-Smith
Source_disease	Mycetoma
Source_disease	Mycoplasma pneumoniae infection
Source_disease	Mycosis fungoides
Source_disease	Myxoma syndrome
Source_disease	Naevus anaemicus
Source_disease	Naevus depigmentosus
Source_disease	Naevus flammeus simplex
Source_disease	Naevus of Ota, naevus of Ito and naevus of Hori
Source_disease	Napkin dermatitis
Source_disease	Necrobiosis lipoidica
Source_disease	Necrolytic migratory erythema
Source_disease	Necrotising fasciitis
Source_disease	Neonatal lupus
Source_disease	Neonatal subcutaneous fat necrosis
Source_disease	Neurofibromatosis
Source_disease	Nevus comedonicus
Source_disease	Niacin deficiency
Source_disease	Nickel allergy
Source_disease	Nicotine stomatitis
Source_disease	Nipple eczema
Source_disease	Nodular chondrodermatitis
Source_disease	Nodular lymphangitis
Source_disease	Nodular melanoma
Source_disease	Non-albicans candida infections
Source_disease	Non-sexually acquired genital ulceration
Source_disease	Noonan syndrome with multiple lentigines
Source_disease	Notalgia paraesthetica
Source_disease	Nummular eczematous dermatitis
Source_disease	Ocular melanoma
Source_disease	Onychocryptosis
Source_disease	Onychogryphosis
Source_disease	Onychomycosis
Source_disease	Onychopapilloma
Source_disease	Oral allergy syndrome
Source_disease	Oral candidiasis
Source_disease	Oral mucositis - Stomatitis
Source_disease	Oral squamous cell carcinoma
Source_disease	Orf
Source_disease	Ornithonyssosis
Source_disease	Orofacial granulomatosis
Source_disease	Osteoma cutis
Source_disease	Pachydermodactyly
Source_disease	Pachyonychia congenita
Source_disease	Palmar fascial fibromatosis
Source_disease	Palmoplantar keratoderma
Source_disease	Palmoplantar pustulosis
Source_disease	Panniculitis
Source_disease	Papular acrodermatitis of childhood
Source_disease	Papular mucinosis
Source_disease	Papular urticaria
Source_disease	Parakeratosis pustulosa
Source_disease	Paraneoplastic acrokeratosis
Source_disease	Paronychia
Source_disease	Parvo B19 infection
Source_disease	Pearly penile papules
Source_disease	Pediculosis capitis
Source_disease	Pellagra
Source_disease	Pemphigoid gestationis
Source_disease	Pemphigus foliaceus
Source_disease	Pemphigus vulgaris
Source_disease	Penile epithelial neoplasia
Source_disease	Periarteritis nodosa
Source_disease	Periorificial dermatitis
Source_disease	PHACE syndrome
Source_disease	Piebaldism
Source_disease	Piezogenic papules
Source_disease	Pigmented purpura
Source_disease	Pilar cyst
Source_disease	Pilomatricoma
Source_disease	Pilonidal disease
Source_disease	Pityriasis alba
Source_disease	Pityriasis amiantacea
Source_disease	Pityriasis rubra pilaris
Source_disease	Pityriasis versicolor
Source_disease	Plasma cell balanitis_vulvitis
Source_disease	Plasmacytoma
Source_disease	Poikiloderma of Civatte
Source_disease	Poliosis
Source_disease	Polycystic ovary syndrome
Source_disease	Polymorphic eruption of pregnancy
Source_disease	Polymorphic light eruption
Source_disease	Polythelia
Source_disease	Porphyria cutanea tarda
Source_disease	Porphyria variegata
Source_disease	Postinflammatory hyperpigmentation
Source_disease	Pressure ulcer
Source_disease	Pretibial myxoedema
Source_disease	Progressive macular hypomelanosis
Source_disease	Prurigo
Source_disease	Pruritic urticarial papules and plaques of pregnancy
Source_disease	Pruritus
Source_disease	Pseudofolliculitis barbae
Source_disease	Pseudopelade of Brocq
Source_disease	Pseudoporphyria
Source_disease	Psoriasis
Source_disease	Psoriatic arthritis
Source_disease	Purpura
Source_disease	Pyoderma
Source_disease	Pyogenic granuloma
Source_disease	Radiation dermatitis
Source_disease	Ramsay Hunt syndrome
Source_disease	Ranula
Source_disease	Raynaud phenomenon
Source_disease	Recessive dystrophic epidermolysis bullosa
Source_disease	Recessive X-linked ichthyosis
Source_disease	Reed syndrome
Source_disease	Remitting seronegative symmetrical synovitis with pitting oedema
Source_disease	Reticular erythematous mucinosis
Source_disease	Reticulohistiocytosis
Source_disease	Rheumatic fever
Source_disease	Rhinophyma
Source_disease	Rosacea
Source_disease	Roseola
Source_disease	Ross syndrome
Source_disease	Rothmund-Thomson syndrome
Source_disease	Rubella
Source_disease	Sarcoidosis
Source_disease	Scabies
Source_disease	Scarlatina
Source_disease	Scurvy
Source_disease	Sebaceous carcinoma
Source_disease	Sebaceous hyperplasia
Source_disease	Sneddon syndrome
Source_disease	Solar lentigo
Source_disease	Solar urticaria
Source_disease	Spider angioma
Source_disease	Squamous cell carcinoma
Source_disease	Steatocystoma multiplex
Source_disease	Subungual exostosis
Source_disease	Sunburn
Source_disease	Superficial thrombophlebitis
Source_disease	Swimmer_s itch
Source_disease	Syphilis
Source_disease	Systemic lupus erythematosus
Source_disease	Systemic sclerosis
Source_disease	Sézary syndrome
Source_disease	Telangiectasia
Source_disease	Thromboangiitis obliterans
Source_disease	Tinea barbae
Source_disease	Tinea capitis
Source_disease	Tinea corporis
Source_disease	Tinea cruris
Source_disease	Tinea faciei
Source_disease	Tinea incognita
Source_disease	Tinea manuum
Source_disease	Tinea pedis
Source_disease	Topical corticosteroid withdrawal
Source_disease	Toxic erythema of the newborn
Source_disease	Traction alopecia
Source_disease	Transient lingual papillitis
Source_disease	Transient neonatal pustular melanosis
Source_disease	Triangular alopecia
Source_disease	Trichomycosis axillaris
Source_disease	Trichotillomania
Source_disease	Tuberous sclerosis
Source_disease	Urticaria
Source_disease	Urticarial vasculitis
Source_disease	Varicose veins
Source_disease	Venous eczema
Source_disease	Venous lake
Source_disease	Vitiligo
Source_disease	Vulval intraepithelial neoplasia
Source_disease	Vulvovaginal candidiasis
Source_disease	Whipple disease
Source_disease	Winter itch
Source_disease	Wound infection
Source_disease	X linked ichthyosis
Source_disease	Xanthoma
Source_disease	Xeroderma pigmentosum
Source_disease	Zygomycosis
Diagnosis_answer	Acanthoma fissuratum
Diagnosis_answer	Acanthosis palmaris
Diagnosis_answer	Acne vulgaris
Diagnosis_answer	Acquired dermal macular hyperpigmentation
Diagnosis_answer	Acquired lymphangiectasia
Diagnosis_answer	Acrodermatitis continua of Hallopeau
Diagnosis_answer	Acrodermatitis enteropathica
Diagnosis_answer	Acrokeratosis verruciformis of Hopf
Diagnosis_answer	Acropustulosis of infancy
Diagnosis_answer	Actinic cheilitis
Diagnosis_answer	Actinic keratosis
Diagnosis_answer	Acute febrile neutrophilic dermatosis (Sweet syndrome)
Diagnosis_answer	Acute generalised exanthematous pustulosis
Diagnosis_answer	Acute hepatic porphyrias
Diagnosis_answer	Aeromonas skin infection
Diagnosis_answer	Alopecia areata
Diagnosis_answer	Alopecia from drugs
Diagnosis_answer	Amelanotic melanoma
Diagnosis_answer	Amputation stump dermatoses
Diagnosis_answer	Amyloidosis cutis dyschromica
Diagnosis_answer	Anagen effluvium
Diagnosis_answer	Anal cancer and anal canal cancer
Diagnosis_answer	Anetoderma
Diagnosis_answer	Angiofibroma
Diagnosis_answer	Angioma serpiginosum
Diagnosis_answer	Angular cheilitis
Diagnosis_answer	Anogenital wart
Diagnosis_answer	Anthrax
Diagnosis_answer	Antisynthetase syndrome
Diagnosis_answer	Aphthous ulcer
Diagnosis_answer	Apocrine chromhidrosis
Diagnosis_answer	Arthropod bites and stings
Diagnosis_answer	Aspergillosis
Diagnosis_answer	Asteatotic eczema
Diagnosis_answer	Atrophoderma of Pasini and Pierini
Diagnosis_answer	Atypical fibroxanthoma
Diagnosis_answer	Atypical solar lentigo
Diagnosis_answer	Bacterial folliculitis
Diagnosis_answer	Ban xuất huyết (purpura)
Diagnosis_answer	Bazin_s hydroa vacciniforme
Diagnosis_answer	Benign hereditary telangiectasia
Diagnosis_answer	Blue nevus
Diagnosis_answer	Bệnh mô bào lưới (reticulohistiocytosis)
Diagnosis_answer	Bệnh Still khởi phát ở người lớn
Diagnosis_answer	Calcinosis cutis
Diagnosis_answer	Calciphylaxis
Diagnosis_answer	Capillary vascular malformation
Diagnosis_answer	Carotenoderma
Diagnosis_answer	Cellulitis
Diagnosis_answer	Chilblains
Diagnosis_answer	Chloracne _ MADISH
Diagnosis_answer	Chàm tổ đỉa (pompholyx)
Diagnosis_answer	Cold urticaria
Diagnosis_answer	Colloid milium
Diagnosis_answer	Congenital melanocytic naevus
Diagnosis_answer	Cryoglobulinaemia
Diagnosis_answer	Cutaneous amyloidosis
Diagnosis_answer	Cutaneous horn
Diagnosis_answer	Cutaneous larva migrans
Diagnosis_answer	Cutaneous lupus erythematosus
Diagnosis_answer	Cutaneous tuberculosis
Diagnosis_answer	Cutaneous vasculitis
Diagnosis_answer	Cutis marmorata telangiectatica congenita
Diagnosis_answer	Cutis verticis gyrata
Diagnosis_answer	Delayed pressure urticaria
Diagnosis_answer	Dermatitis artefacta
Diagnosis_answer	Dermatofibroma
Diagnosis_answer	Dermatosis papulosa nigra
Diagnosis_answer	Digital myxoid pseudocyst
Diagnosis_answer	Discoid eczema
Diagnosis_answer	Discoid lupus erythematosus
Diagnosis_answer	Disseminated secondary eczema
Diagnosis_answer	Dowling-Degos disease
Diagnosis_answer	Dry gangrene
Diagnosis_answer	Dystrophic epidermolysis bullosa
Diagnosis_answer	Ecthyma
Diagnosis_answer	Eczema herpeticum
Diagnosis_answer	Elastolytic giant cell granuloma
Diagnosis_answer	Elastosis
Diagnosis_answer	Elastosis perforans serpiginosa
Diagnosis_answer	Eosinophilic pustular folliculitis
Diagnosis_answer	Epidermal naevus
Diagnosis_answer	Epidermoid cyst
Diagnosis_answer	Epidermolysis bullosa
Diagnosis_answer	Epidermolysis bullosa acquisita
Diagnosis_answer	Erosive lichen planus
Diagnosis_answer	Erysipelas
Diagnosis_answer	Erysipeloid
Diagnosis_answer	Erythema ab igne
Diagnosis_answer	Erythema annulare centrifugum
Diagnosis_answer	Erythema dyschromicum perstans
Diagnosis_answer	Erythema elevatum diutinum
Diagnosis_answer	Erythema infectiosum
Diagnosis_answer	Erythema multiforme
Diagnosis_answer	Erythema nodosum
Diagnosis_answer	Erythrodermic psoriasis
Diagnosis_answer	Erythrokeratoderma
Diagnosis_answer	Exanthems
Diagnosis_answer	Exercise-induced vasculitis
Diagnosis_answer	Exfoliative cheilitis
Diagnosis_answer	Extramammary Paget disease of skin
Diagnosis_answer	Eyelid contact dermatitis
Diagnosis_answer	Fabry disease
Diagnosis_answer	Facial psoriasis
Diagnosis_answer	Fissured tongue
Diagnosis_answer	Flea bite
Diagnosis_answer	Flexural psoriasis
Diagnosis_answer	Generalised essential telangiectasia
Diagnosis_answer	Generalised pustular psoriasis
Diagnosis_answer	Genital Crohn disease
Diagnosis_answer	Genital herpes
Diagnosis_answer	Genital psoriasis
Diagnosis_answer	Geographic tongue
Diagnosis_answer	Gingivitis and periodontitis
Diagnosis_answer	Giãn mao mạch
Diagnosis_answer	Gout
Diagnosis_answer	Granular parakeratosis
Diagnosis_answer	Granuloma annulare
Diagnosis_answer	Granuloma faciale
Diagnosis_answer	Granulomatous dermatitis
Diagnosis_answer	Hairy tongue
Diagnosis_answer	Halo naevus
Diagnosis_answer	Hand dermatitis
Diagnosis_answer	Henoch–Schönlein purpura
Diagnosis_answer	Hereditary haemorrhagic telangiectasia
Diagnosis_answer	Herpangina
Diagnosis_answer	Herpes simplex
Diagnosis_answer	Herpes zoster
Diagnosis_answer	Hidradenitis suppurativa
Diagnosis_answer	Hyperhidrosis
Diagnosis_answer	Hyperkeratotic palmar dermatitis
Diagnosis_answer	Hội chứng Birt-Hogg-Dubé
Diagnosis_answer	Ichthyosis
Diagnosis_answer	Impetigo
Diagnosis_answer	Intralymphatic histiocytosis
Diagnosis_answer	Intravascular lymphoma
Diagnosis_answer	Jessner lymphocytic infiltrate
Diagnosis_answer	Kaposi sarcoma
Diagnosis_answer	Keloid scar
Diagnosis_answer	Keratoelastoidosis marginalis
Diagnosis_answer	Keratolytic winter erythema
Diagnosis_answer	Keratosis pilaris
Diagnosis_answer	Kerion
Diagnosis_answer	Kyrle disease
Diagnosis_answer	Leg ulcer
Diagnosis_answer	Leishmaniasis
Diagnosis_answer	Lentigo do nắng
Diagnosis_answer	Leprosy
Diagnosis_answer	Lichen myxoedematosus
Diagnosis_answer	Lichen nitidus
Diagnosis_answer	Lichen planus
Diagnosis_answer	Lichen simplex
Diagnosis_answer	Lichenoid keratosis
Diagnosis_answer	Lupus pernio
Diagnosis_answer	Lymphatic malformation
Diagnosis_answer	Macroglossia
Diagnosis_answer	Macular amyloidosis
Diagnosis_answer	Maculopapular cutaneous mastocytosis
Diagnosis_answer	Madarosis
Diagnosis_answer	Malassezia folliculitis
Diagnosis_answer	Male pattern hair loss
Diagnosis_answer	Malignant atrophic papulosis
Diagnosis_answer	Malignant histiocytoses
Diagnosis_answer	Marfan syndrome
Diagnosis_answer	Marjolin ulcer
Diagnosis_answer	Martorell ulcer
Diagnosis_answer	Mastocytoma
Diagnosis_answer	Measles
Diagnosis_answer	Median canaliform nail dystrophy
Diagnosis_answer	Melanocytic naevus
Diagnosis_answer	Melanoma
Diagnosis_answer	Melanoma in situ
Diagnosis_answer	Melanonychia
Diagnosis_answer	Melanotic macule
Diagnosis_answer	Melasma
Diagnosis_answer	Meningococcal disease
Diagnosis_answer	Merkel cell carcinoma
Diagnosis_answer	Mid-dermal elastolysis
Diagnosis_answer	Milium
Diagnosis_answer	Milker_s nodule
Diagnosis_answer	Mixed connective tissue disease
Diagnosis_answer	Molluscum contagiosum
Diagnosis_answer	Morbilliform drug reaction
Diagnosis_answer	Mucocoele of the lip
Diagnosis_answer	Multicentric reticulohistiocytosis
Diagnosis_answer	Multiple self-healing squamous epitheliomas of Ferguson-Smith
Diagnosis_answer	Mycoplasma pneumoniae infection
Diagnosis_answer	Mày đay
Diagnosis_answer	Naevus anaemicus
Diagnosis_answer	Naevus depigmentosus
Diagnosis_answer	Naevus of Ito and naevus of Hori
Diagnosis_answer	Naevus of Ota
Diagnosis_answer	Nang nhầy sàn miệng (ranula)
Diagnosis_answer	Napkin dermatitis
Diagnosis_answer	Necrobiosis lipoidica
Diagnosis_answer	Necrolytic migratory erythema
Diagnosis_answer	Necrotising fasciitis
Diagnosis_answer	Neonatal lupus
Diagnosis_answer	Neonatal subcutaneous fat necrosis
Diagnosis_answer	Neurofibromatosis
Diagnosis_answer	Nevus comedonicus
Diagnosis_answer	Nhiễm trùng do mycobacteria không điển hình
Diagnosis_answer	Nhọt
Diagnosis_answer	Niacin deficiency
Diagnosis_answer	Nickel allergy
Diagnosis_answer	Nipple eczema
Diagnosis_answer	Nodular chondrodermatitis
Diagnosis_answer	Nodular lymphangitis
Diagnosis_answer	Non-albicans candida infections
Diagnosis_answer	Non-sexually acquired genital ulceration
Diagnosis_answer	Noonan syndrome with multiple lentigines
Diagnosis_answer	Nummular eczematous dermatitis
Diagnosis_answer	Nốt ruồi hắc tố không điển hình
Diagnosis_answer	Onychocryptosis
Diagnosis_answer	Onychogryphosis
Diagnosis_answer	Onychomycosis
Diagnosis_answer	Onychopapilloma
Diagnosis_answer	Oral allergy syndrome
Diagnosis_answer	Oral candidiasis
Diagnosis_answer	Oral mucositis - Stomatitis
Diagnosis_answer	Oral squamous cell carcinoma
Diagnosis_answer	Orf
Diagnosis_answer	Orofacial granulomatosis
Diagnosis_answer	Osteoma cutis
Diagnosis_answer	Pachydermodactyly
Diagnosis_answer	Pachyonychia congenita
Diagnosis_answer	Palmar fascial fibromatosis
Diagnosis_answer	Palmoplantar keratoderma
Diagnosis_answer	Palmoplantar pustulosis
Diagnosis_answer	Panniculitis
Diagnosis_answer	Papular acrodermatitis of childhood
Diagnosis_answer	Papular mucinosis
Diagnosis_answer	Papular urticaria
Diagnosis_answer	Parakeratosis pustulosa
Diagnosis_answer	Paraneoplastic acrokeratosis
Diagnosis_answer	Paronychia
Diagnosis_answer	Parvo B19 infection
Diagnosis_answer	Pearly penile papules
Diagnosis_answer	Pediculosis capitis
Diagnosis_answer	Pellagra
Diagnosis_answer	Pemphigoid bọng nước
Diagnosis_answer	Pemphigoid gestationis
Diagnosis_answer	Pemphigus foliaceus
Diagnosis_answer	Pemphigus gia đình lành tính
Diagnosis_answer	Pemphigus vulgaris
Diagnosis_answer	Penile epithelial neoplasia
Diagnosis_answer	Periarteritis nodosa
Diagnosis_answer	Periorificial dermatitis
Diagnosis_answer	PHACE syndrome
Diagnosis_answer	Piebaldism
Diagnosis_answer	Piezogenic papules
Diagnosis_answer	Pigmented purpura
Diagnosis_answer	Pilar cyst
Diagnosis_answer	Pilomatricoma
Diagnosis_answer	Pilonidal disease
Diagnosis_answer	Pityriasis alba
Diagnosis_answer	Pityriasis amiantacea
Diagnosis_answer	Pityriasis rubra pilaris
Diagnosis_answer	Pityriasis versicolor
Diagnosis_answer	Plasma cell balanitis_vulvitis
Diagnosis_answer	Plasmacytoma
Diagnosis_answer	Poikiloderma of Civatte
Diagnosis_answer	Poliosis
Diagnosis_answer	Polycystic ovary syndrome
Diagnosis_answer	Polymorphic eruption of pregnancy
Diagnosis_answer	Polymorphic light eruption
Diagnosis_answer	Polythelia
Diagnosis_answer	Porokeratosis nông lan tỏa do ánh sáng (DSAP)
Diagnosis_answer	Porphyria cutanea tarda
Diagnosis_answer	Porphyria variegata
Diagnosis_answer	Postinflammatory hyperpigmentation
Diagnosis_answer	Pressure ulcer
Diagnosis_answer	Pretibial myxoedema
Diagnosis_answer	Progressive macular hypomelanosis
Diagnosis_answer	Prurigo
Diagnosis_answer	Pruritic urticarial papules and plaques of pregnancy
Diagnosis_answer	Pseudofolliculitis barbae
Diagnosis_answer	Pseudopelade of Brocq
Diagnosis_answer	Pseudoporphyria
Diagnosis_answer	Psoriasis
Diagnosis_answer	Psoriatic arthritis
Diagnosis_answer	Pyoderma
Diagnosis_answer	Pyogenic granuloma
Diagnosis_answer	Radiation dermatitis
Diagnosis_answer	Ramsay Hunt syndrome
Diagnosis_answer	Raynaud phenomenon
Diagnosis_answer	Recessive X-linked ichthyosis
Diagnosis_answer	Reed syndrome
Diagnosis_answer	Remitting seronegative symmetrical synovitis with pitting oedema
Diagnosis_answer	Reticular erythematous mucinosis
Diagnosis_answer	Rheumatic fever
Diagnosis_answer	Rhinophyma
Diagnosis_answer	Rosacea
Diagnosis_answer	Roseola
Diagnosis_answer	Ross syndrome
Diagnosis_answer	Rothmund-Thomson syndrome
Diagnosis_answer	Rubella
Diagnosis_answer	Sarcoidosis
Diagnosis_answer	Scabies
Diagnosis_answer	Scarlatina
Diagnosis_answer	Scurvy
Diagnosis_answer	Sebaceous carcinoma
Diagnosis_answer	Sebaceous hyperplasia
Diagnosis_answer	Sneddon syndrome
Diagnosis_answer	Solar urticaria
Diagnosis_answer	Spider angioma
Diagnosis_answer	Steatocystoma multiplex
Diagnosis_answer	Subungual exostosis
Diagnosis_answer	Sunburn
Diagnosis_answer	Superficial thrombophlebitis
Diagnosis_answer	Swimmer_s itch
Diagnosis_answer	Syphilis
Diagnosis_answer	Systemic lupus erythematosus
Diagnosis_answer	Systemic sclerosis
Diagnosis_answer	Sézary syndrome
Diagnosis_answer	Tinea barbae
Diagnosis_answer	Tinea capitis
Diagnosis_answer	Tinea corporis
Diagnosis_answer	Tinea cruris
Diagnosis_answer	Tinea faciei
Diagnosis_answer	Tinea incognita
Diagnosis_answer	Tinea manuum
Diagnosis_answer	Tinea pedis
Diagnosis_answer	Topical corticosteroid withdrawal
Diagnosis_answer	Toxic erythema of the newborn
Diagnosis_answer	Traction alopecia
Diagnosis_answer	Transient lingual papillitis
Diagnosis_answer	Transient neonatal pustular melanosis
Diagnosis_answer	Triangular alopecia
Diagnosis_answer	Trichotillomania
Diagnosis_answer	Tuberous sclerosis
Diagnosis_answer	U hắc tố ác tính di căn
Diagnosis_answer	U hắc tố ác tính dạng đầu chi
Diagnosis_answer	U hắc tố ác tính ở mắt
Diagnosis_answer	U sùi dạng nấm (Mycosis fungoides)
Diagnosis_answer	Ung thư biểu mô tế bào vảy
Diagnosis_answer	Ung thư biểu mô tế bào vảy hậu môn sinh dục
Diagnosis_answer	Ung thư biểu mô tế bào đáy
Diagnosis_answer	Varicose veins
Diagnosis_answer	Venous eczema
Diagnosis_answer	Venous lake
Diagnosis_answer	Vitiligo
Diagnosis_answer	Viêm da cơ địa
Diagnosis_answer	Viêm mạch mày đay
Diagnosis_answer	Vulval intraepithelial neoplasia
Diagnosis_answer	Vulvovaginal candidiasis
Diagnosis_answer	Whipple disease
Diagnosis_answer	Wound infection
Diagnosis_answer	X linked ichthyosis
Diagnosis_answer	Xanthoma
Diagnosis_answer	Xeroderma pigmentosum
Diagnosis_answer	Xâm nhiễm bạch cầu ở da
Diagnosis_answer	Xơ cứng bì khu trú (morphoea)
Diagnosis_answer	Zygomycosis
Primary_Lesion_Type	Ban dát
Primary_Lesion_Type	Ban dát đỏ
Primary_Lesion_Type	Bọng máu
Primary_Lesion_Type	bọng nước
Primary_Lesion_Type	Bọng nước căng
Primary_Lesion_Type	Bọng nước vỡ
Primary_Lesion_Type	cục
Primary_Lesion_Type	da dày
Primary_Lesion_Type	Dát
Primary_Lesion_Type	dát ban
Primary_Lesion_Type	Dát ban đỏ
Primary_Lesion_Type	dát giảm sắc tố
Primary_Lesion_Type	Dát hồng ban
Primary_Lesion_Type	Dát hồng nhạt
Primary_Lesion_Type	Dát mạch máu
Primary_Lesion_Type	Dát nâu
Primary_Lesion_Type	Dát nâu nhạt
Primary_Lesion_Type	Dát nâu nhỏ
Primary_Lesion_Type	Dát sẩn
Primary_Lesion_Type	Dát sẫm
Primary_Lesion_Type	Dát sắc tố
Primary_Lesion_Type	Dát thâm
Primary_Lesion_Type	Dát tăng sắc tố
Primary_Lesion_Type	Dát vòng
Primary_Lesion_Type	Dát xuất huyết
Primary_Lesion_Type	Dát đỏ
Primary_Lesion_Type	Dát đỏ nhỏ
Primary_Lesion_Type	Dát đỏ nâu
Primary_Lesion_Type	Dải hồng ban
Primary_Lesion_Type	lõm
Primary_Lesion_Type	lỗ rò nhỏ
Primary_Lesion_Type	Mụn mủ
Primary_Lesion_Type	Mụn mủ nang lông
Primary_Lesion_Type	Mụn mủ nhỏ
Primary_Lesion_Type	Mụn nước
Primary_Lesion_Type	Mụn nước nhỏ
Primary_Lesion_Type	Mụn đầu trắng
Primary_Lesion_Type	mụn đầu đen
Primary_Lesion_Type	Nang
Primary_Lesion_Type	Nang nhỏ
Primary_Lesion_Type	Nang nông
Primary_Lesion_Type	Nhân mụn
Primary_Lesion_Type	Nhân mụn kín
Primary_Lesion_Type	Nhân trứng cá
Primary_Lesion_Type	Nhân trứng cá mở
Primary_Lesion_Type	Nhú nổi rõ
Primary_Lesion_Type	Nốt
Primary_Lesion_Type	Nốt bọng máu
Primary_Lesion_Type	Nốt da
Primary_Lesion_Type	Nốt gồ
Primary_Lesion_Type	Nốt hồng
Primary_Lesion_Type	nốt hồng ban
Primary_Lesion_Type	Nốt phồng
Primary_Lesion_Type	Nốt polyp
Primary_Lesion_Type	Nốt sùi
Primary_Lesion_Type	Nốt sắc tố
Primary_Lesion_Type	Nốt viêm
Primary_Lesion_Type	Nốt đỏ
Primary_Lesion_Type	Sẩn
Primary_Lesion_Type	Sẩn bóng
Primary_Lesion_Type	Sẩn bọng nước
Primary_Lesion_Type	Sẩn cuống
Primary_Lesion_Type	Sẩn da
Primary_Lesion_Type	Sẩn dày sừng
Primary_Lesion_Type	sẩn dát
Primary_Lesion_Type	Sẩn dạng cục
Primary_Lesion_Type	Sẩn dạng hạt
Primary_Lesion_Type	Sẩn dạng u
Primary_Lesion_Type	Sẩn dạng vòm
Primary_Lesion_Type	Sẩn giảm sắc tố
Primary_Lesion_Type	Sẩn gồ
Primary_Lesion_Type	Sẩn hình vòm
Primary_Lesion_Type	Sẩn hồng
Primary_Lesion_Type	sẩn hồng ban
Primary_Lesion_Type	Sẩn kê
Primary_Lesion_Type	sẩn lõm giữa
Primary_Lesion_Type	Sẩn lõm rốn
Primary_Lesion_Type	Sẩn màu da
Primary_Lesion_Type	Sẩn mụn nước
Primary_Lesion_Type	Sẩn mủ
Primary_Lesion_Type	Sẩn nang lông
Primary_Lesion_Type	Sẩn nhỏ
Primary_Lesion_Type	sẩn phù
Primary_Lesion_Type	Sẩn sùi
Primary_Lesion_Type	Sẩn sắc tố
Primary_Lesion_Type	Sẩn sừng
Primary_Lesion_Type	Sẩn trong
Primary_Lesion_Type	Sẩn trắng
Primary_Lesion_Type	Sẩn tím
Primary_Lesion_Type	Sẩn tăng sắc tố
Primary_Lesion_Type	Sẩn viêm
Primary_Lesion_Type	sẩn viền gờ
Primary_Lesion_Type	Sẩn vòm
Primary_Lesion_Type	Sẩn đỏ
Primary_Lesion_Type	Sẩn đỏ nhỏ
Primary_Lesion_Type	Sẩn đỏ nâu
Primary_Lesion_Type	U cục
Primary_Lesion_Type	U cục gồ
Primary_Lesion_Type	U cục lồi
Primary_Lesion_Type	U cục nhỏ
Primary_Lesion_Type	U dạng vòm
Primary_Lesion_Type	U lồi
Primary_Lesion_Type	U mềm
Primary_Lesion_Type	U nhú
Primary_and_Secondary_Morphology	Ban dát hồng ban
Primary_and_Secondary_Morphology	ban đỏ
Primary_and_Secondary_Morphology	Bong móng
Primary_and_Secondary_Morphology	bong vảy
Primary_and_Secondary_Morphology	Bọng nước
Primary_and_Secondary_Morphology	Bọng nước căng
Primary_and_Secondary_Morphology	Bọng nước vỡ
Primary_and_Secondary_Morphology	Cụm mụn nước trợt
Primary_and_Secondary_Morphology	Dát
Primary_and_Secondary_Morphology	Dát hồng ban
Primary_and_Secondary_Morphology	Dát sẩn viêm
Primary_and_Secondary_Morphology	Dát sắc tố
Primary_and_Secondary_Morphology	Dát thâm
Primary_and_Secondary_Morphology	Dát tăng sắc tố
Primary_and_Secondary_Morphology	Dát đỏ
Primary_and_Secondary_Morphology	Hoại tử
Primary_and_Secondary_Morphology	Khe nứt
Primary_and_Secondary_Morphology	Khối sùi
Primary_and_Secondary_Morphology	Khối u
Primary_and_Secondary_Morphology	Khối u gồ
Primary_and_Secondary_Morphology	Khối u sùi
Primary_and_Secondary_Morphology	Loét
Primary_and_Secondary_Morphology	Loét nhỏ
Primary_and_Secondary_Morphology	Loét nông
Primary_and_Secondary_Morphology	Loét đóng vảy
Primary_and_Secondary_Morphology	Mụn mủ
Primary_and_Secondary_Morphology	Mụn mủ nang lông
Primary_and_Secondary_Morphology	Mụn mủ nhỏ
Primary_and_Secondary_Morphology	Mụn mủ nông
Primary_and_Secondary_Morphology	Mụn nước
Primary_and_Secondary_Morphology	Mụn nước nhỏ
Primary_and_Secondary_Morphology	Mụn nước trợt
Primary_and_Secondary_Morphology	Mụn nước vỡ
Primary_and_Secondary_Morphology	Mụn vảy tiết
Primary_and_Secondary_Morphology	Nhân mụn
Primary_and_Secondary_Morphology	Nốt
Primary_and_Secondary_Morphology	Nốt gồ
Primary_and_Secondary_Morphology	Nốt loét
Primary_and_Secondary_Morphology	Nốt lồi
Primary_and_Secondary_Morphology	Nốt niêm mạc
Primary_and_Secondary_Morphology	Nốt sùi
Primary_and_Secondary_Morphology	Nốt sẹo
Primary_and_Secondary_Morphology	Nốt sừng hóa
Primary_and_Secondary_Morphology	Nốt trợt
Primary_and_Secondary_Morphology	Nốt viêm
Primary_and_Secondary_Morphology	Nốt vòm
Primary_and_Secondary_Morphology	Nốt đỏ
Primary_and_Secondary_Morphology	Nứt
Primary_and_Secondary_Morphology	Nứt da
Primary_and_Secondary_Morphology	Nứt kẽ
Primary_and_Secondary_Morphology	Rãnh nứt
Primary_and_Secondary_Morphology	Sẩn
Primary_and_Secondary_Morphology	Sẩn bóng
Primary_and_Secondary_Morphology	Sẩn chắc
Primary_and_Secondary_Morphology	Sẩn gồ
Primary_and_Secondary_Morphology	Sẩn hồng ban
Primary_and_Secondary_Morphology	Sẩn loét
Primary_and_Secondary_Morphology	Sẩn lõm giữa
Primary_and_Secondary_Morphology	Sẩn mụn mủ
Primary_and_Secondary_Morphology	sẩn nang
Primary_and_Secondary_Morphology	Sẩn nang lông
Primary_and_Secondary_Morphology	Sẩn nhú
Primary_and_Secondary_Morphology	Sẩn nhỏ
Primary_and_Secondary_Morphology	Sẩn nâu
Primary_and_Secondary_Morphology	Sẩn phù
Primary_and_Secondary_Morphology	Sẩn sẹo
Primary_and_Secondary_Morphology	sẩn trợt
Primary_and_Secondary_Morphology	Sẩn tăng sắc tố
Primary_and_Secondary_Morphology	Sẩn viêm
Primary_and_Secondary_Morphology	Sẩn vòm
Primary_and_Secondary_Morphology	Sẩn vảy
Primary_and_Secondary_Morphology	Sẩn vảy tiết
Primary_and_Secondary_Morphology	Sẩn xuất huyết
Primary_and_Secondary_Morphology	Sẩn đóng vảy
Primary_and_Secondary_Morphology	Sẩn đỏ
Primary_and_Secondary_Morphology	Sẹo
Primary_and_Secondary_Morphology	Sẹo gồ
Primary_and_Secondary_Morphology	Sẹo lõm
Primary_and_Secondary_Morphology	Sẹo xơ
Primary_and_Secondary_Morphology	Sẹo đường
Primary_and_Secondary_Morphology	Trợt
Primary_and_Secondary_Morphology	Trợt da
Primary_and_Secondary_Morphology	Trợt loét
Primary_and_Secondary_Morphology	Trợt loét nông
Primary_and_Secondary_Morphology	Trợt niêm mạc
Primary_and_Secondary_Morphology	Trợt nông
Primary_and_Secondary_Morphology	Trợt đỏ
Primary_and_Secondary_Morphology	tăng sừng
Primary_and_Secondary_Morphology	U cục
Primary_and_Secondary_Morphology	Vảy
Primary_and_Secondary_Morphology	Vảy da
Primary_and_Secondary_Morphology	Vảy mịn
Primary_and_Secondary_Morphology	vảy mỏng
Primary_and_Secondary_Morphology	Vảy tiết
Primary_and_Secondary_Morphology	Vết loét
Primary_and_Secondary_Morphology	Vết loét nhỏ
Primary_and_Secondary_Morphology	Vết loét nông
Primary_and_Secondary_Morphology	Vết nứt
Primary_and_Secondary_Morphology	Vết trợt
Primary_and_Secondary_Morphology	Vết trợt nhỏ
Primary_and_Secondary_Morphology	Đám sẩn đỏ
Primary_and_Secondary_Morphology	Đóng vảy
Primary_and_Secondary_Morphology	Ổ loét
