nhom_truong	nhom_con	tu_dang_dung	tu_chuan_de_xuat	trang_thai	ghi_chu	lexicon_family_key	value_group_key
Vị trí/giá trị lẫn trường	Giá trị chưa phân loại trong trường phân bố	bờ ngoài || Bờ ngoài	Bờ ngoài	Chỉ chuẩn hóa chữ hoa/thường	Giữ nguyên từ và qualifier; thống nhất chữ cái đầu viết hoa.	Anatomical_field_other	Unmapped_or_mixed_value_from_Anatomical_Distribution
Vị trí/giá trị lẫn trường	Giá trị chưa phân loại trong trường phân bố	gần || Gần	Gần	Chỉ chuẩn hóa chữ hoa/thường	Giữ nguyên từ và qualifier; thống nhất chữ cái đầu viết hoa.	Anatomical_field_other	Unmapped_or_mixed_value_from_Anatomical_Distribution
Vị trí/giá trị lẫn trường	Giá trị chưa phân loại trong trường phân bố	Thân tóc || thân tóc	Thân tóc	Chỉ chuẩn hóa chữ hoa/thường	Giữ nguyên từ và qualifier; thống nhất chữ cái đầu viết hoa.	Anatomical_field_other	Unmapped_or_mixed_value_from_Anatomical_Distribution
Vị trí/giá trị lẫn trường	Giá trị chưa phân loại trong trường phân bố	Vùng lông || vùng lông	Vùng lông	Chỉ chuẩn hóa chữ hoa/thường	Giữ nguyên từ và qualifier; thống nhất chữ cái đầu viết hoa.	Anatomical_field_other	Unmapped_or_mixed_value_from_Anatomical_Distribution
Vị trí/giá trị lẫn trường	Giá trị chưa phân loại trong trường phân bố	Vùng đỉnh || vùng đỉnh	Vùng đỉnh	Chỉ chuẩn hóa chữ hoa/thường	Giữ nguyên từ và qualifier; thống nhất chữ cái đầu viết hoa.	Anatomical_field_other	Unmapped_or_mixed_value_from_Anatomical_Distribution
Thuộc tính tổn thương	Màu sắc	Hồng || hồng	Hồng	Chỉ chuẩn hóa chữ hoa/thường	Giữ nguyên từ và qualifier; thống nhất chữ cái đầu viết hoa.	Attribute_value_list	Color
Thuộc tính tổn thương	Màu sắc	Hồng ban || hồng ban	Hồng ban	Chỉ chuẩn hóa chữ hoa/thường	Giữ nguyên từ và qualifier; thống nhất chữ cái đầu viết hoa.	Attribute_value_list	Color
Thuộc tính tổn thương	Màu sắc	hồng nhạt || Hồng nhạt	Hồng nhạt	Chỉ chuẩn hóa chữ hoa/thường	Giữ nguyên từ và qualifier; thống nhất chữ cái đầu viết hoa.	Attribute_value_list	Color
Thuộc tính tổn thương	Màu sắc	màu da || Màu da	Màu da	Chỉ chuẩn hóa chữ hoa/thường	Giữ nguyên từ và qualifier; thống nhất chữ cái đầu viết hoa.	Attribute_value_list	Color
Thuộc tính tổn thương	Màu sắc	Nâu || nâu	Nâu	Chỉ chuẩn hóa chữ hoa/thường	Giữ nguyên từ và qualifier; thống nhất chữ cái đầu viết hoa.	Attribute_value_list	Color
Thuộc tính tổn thương	Màu sắc	Hồng nâu || Nâu hồng || nâu hồng	Nâu hồng	Chuẩn hóa gần trùng	Hai nhãn dùng cùng hai thành tố màu theo thứ tự khác nhau; thống nhất một trật tự.	Attribute_value_list	Color
Thuộc tính tổn thương	Màu sắc	Nâu nhạt || nâu nhạt	Nâu nhạt	Chỉ chuẩn hóa chữ hoa/thường	Giữ nguyên từ và qualifier; thống nhất chữ cái đầu viết hoa.	Attribute_value_list	Color
Thuộc tính tổn thương	Màu sắc	Nâu sẫm || nâu sẫm	Nâu sẫm	Chỉ chuẩn hóa chữ hoa/thường	Giữ nguyên từ và qualifier; thống nhất chữ cái đầu viết hoa.	Attribute_value_list	Color
Thuộc tính tổn thương	Màu sắc	Nâu tím || nâu tím	Nâu tím	Chỉ chuẩn hóa chữ hoa/thường	Giữ nguyên từ và qualifier; thống nhất chữ cái đầu viết hoa.	Attribute_value_list	Color
Thuộc tính tổn thương	Màu sắc	Nâu xám || nâu xám	Nâu xám	Chỉ chuẩn hóa chữ hoa/thường	Giữ nguyên từ và qualifier; thống nhất chữ cái đầu viết hoa.	Attribute_value_list	Color
Thuộc tính tổn thương	Màu sắc	Nâu đen || nâu đen	Nâu đen	Chỉ chuẩn hóa chữ hoa/thường	Giữ nguyên từ và qualifier; thống nhất chữ cái đầu viết hoa.	Attribute_value_list	Color
Thuộc tính tổn thương	Màu sắc	Nâu đậm || nâu đậm	Nâu đậm	Chỉ chuẩn hóa chữ hoa/thường	Giữ nguyên từ và qualifier; thống nhất chữ cái đầu viết hoa.	Attribute_value_list	Color
Thuộc tính tổn thương	Màu sắc	Trắng || trắng	Trắng	Chỉ chuẩn hóa chữ hoa/thường	Giữ nguyên từ và qualifier; thống nhất chữ cái đầu viết hoa.	Attribute_value_list	Color
Thuộc tính tổn thương	Màu sắc	Trắng bóng || trắng bóng	Trắng bóng	Chỉ chuẩn hóa chữ hoa/thường	Giữ nguyên từ và qualifier; thống nhất chữ cái đầu viết hoa.	Attribute_value_list	Color
Thuộc tính tổn thương	Màu sắc	Trắng bạc || trắng bạc	Trắng bạc	Chỉ chuẩn hóa chữ hoa/thường	Giữ nguyên từ và qualifier; thống nhất chữ cái đầu viết hoa.	Attribute_value_list	Color
Thuộc tính tổn thương	Màu sắc	Trắng ngà || trắng ngà	Trắng ngà	Chỉ chuẩn hóa chữ hoa/thường	Giữ nguyên từ và qualifier; thống nhất chữ cái đầu viết hoa.	Attribute_value_list	Color
Thuộc tính tổn thương	Màu sắc	Trắng nhạt || trắng nhạt	Trắng nhạt	Chỉ chuẩn hóa chữ hoa/thường	Giữ nguyên từ và qualifier; thống nhất chữ cái đầu viết hoa.	Attribute_value_list	Color
Thuộc tính tổn thương	Màu sắc	Trắng vàng || trắng vàng	Trắng vàng	Chỉ chuẩn hóa chữ hoa/thường	Giữ nguyên từ và qualifier; thống nhất chữ cái đầu viết hoa.	Attribute_value_list	Color
Thuộc tính tổn thương	Màu sắc	Trắng xám || trắng xám	Trắng xám	Chỉ chuẩn hóa chữ hoa/thường	Giữ nguyên từ và qualifier; thống nhất chữ cái đầu viết hoa.	Attribute_value_list	Color
Thuộc tính tổn thương	Màu sắc	Trắng đục || trắng đục	Trắng đục	Chỉ chuẩn hóa chữ hoa/thường	Giữ nguyên từ và qualifier; thống nhất chữ cái đầu viết hoa.	Attribute_value_list	Color
Thuộc tính tổn thương	Màu sắc	Tím || tím	Tím	Chỉ chuẩn hóa chữ hoa/thường	Giữ nguyên từ và qualifier; thống nhất chữ cái đầu viết hoa.	Attribute_value_list	Color
Thuộc tính tổn thương	Màu sắc	tím hồng || Tím hồng	Tím hồng	Chỉ chuẩn hóa chữ hoa/thường	Giữ nguyên từ và qualifier; thống nhất chữ cái đầu viết hoa.	Attribute_value_list	Color
Thuộc tính tổn thương	Màu sắc	tím nhạt || Tím nhạt	Tím nhạt	Chỉ chuẩn hóa chữ hoa/thường	Giữ nguyên từ và qualifier; thống nhất chữ cái đầu viết hoa.	Attribute_value_list	Color
Thuộc tính tổn thương	Màu sắc	Tím nâu || tím nâu	Tím nâu	Chỉ chuẩn hóa chữ hoa/thường	Giữ nguyên từ và qualifier; thống nhất chữ cái đầu viết hoa.	Attribute_value_list	Color
Thuộc tính tổn thương	Màu sắc	Tím đen || tím đen	Tím đen	Chỉ chuẩn hóa chữ hoa/thường	Giữ nguyên từ và qualifier; thống nhất chữ cái đầu viết hoa.	Attribute_value_list	Color
Thuộc tính tổn thương	Màu sắc	Vàng || vàng	Vàng	Chỉ chuẩn hóa chữ hoa/thường	Giữ nguyên từ và qualifier; thống nhất chữ cái đầu viết hoa.	Attribute_value_list	Color
Thuộc tính tổn thương	Màu sắc	Vàng mật ong || vàng mật ong	Vàng mật ong	Chỉ chuẩn hóa chữ hoa/thường	Giữ nguyên từ và qualifier; thống nhất chữ cái đầu viết hoa.	Attribute_value_list	Color
Thuộc tính tổn thương	Màu sắc	Vàng nhạt || vàng nhạt	Vàng nhạt	Chỉ chuẩn hóa chữ hoa/thường	Giữ nguyên từ và qualifier; thống nhất chữ cái đầu viết hoa.	Attribute_value_list	Color
Thuộc tính tổn thương	Màu sắc	Vàng nâu || vàng nâu	Vàng nâu	Chỉ chuẩn hóa chữ hoa/thường	Giữ nguyên từ và qualifier; thống nhất chữ cái đầu viết hoa.	Attribute_value_list	Color
Thuộc tính tổn thương	Màu sắc	Vàng xanh || vàng xanh	Vàng xanh	Chỉ chuẩn hóa chữ hoa/thường	Giữ nguyên từ và qualifier; thống nhất chữ cái đầu viết hoa.	Attribute_value_list	Color
Thuộc tính tổn thương	Màu sắc	xanh tím || Xanh tím	Xanh tím	Chỉ chuẩn hóa chữ hoa/thường	Giữ nguyên từ và qualifier; thống nhất chữ cái đầu viết hoa.	Attribute_value_list	Color
Thuộc tính tổn thương	Màu sắc	Xám || xám	Xám	Chỉ chuẩn hóa chữ hoa/thường	Giữ nguyên từ và qualifier; thống nhất chữ cái đầu viết hoa.	Attribute_value_list	Color
Thuộc tính tổn thương	Màu sắc	Xám nâu || xám nâu	Xám nâu	Chỉ chuẩn hóa chữ hoa/thường	Giữ nguyên từ và qualifier; thống nhất chữ cái đầu viết hoa.	Attribute_value_list	Color
Thuộc tính tổn thương	Màu sắc	Vàng xám || Xám vàng	Xám vàng	Chuẩn hóa gần trùng	Hai nhãn dùng cùng hai thành tố màu theo thứ tự khác nhau; thống nhất một trật tự.	Attribute_value_list	Color
Thuộc tính tổn thương	Màu sắc	Xám đen || xám đen	Xám đen	Chỉ chuẩn hóa chữ hoa/thường	Giữ nguyên từ và qualifier; thống nhất chữ cái đầu viết hoa.	Attribute_value_list	Color
Thuộc tính tổn thương	Màu sắc	Đen || đen	Đen	Chỉ chuẩn hóa chữ hoa/thường	Giữ nguyên từ và qualifier; thống nhất chữ cái đầu viết hoa.	Attribute_value_list	Color
Thuộc tính tổn thương	Màu sắc	đen xám || Đen xám	Đen xám	Chỉ chuẩn hóa chữ hoa/thường	Giữ nguyên từ và qualifier; thống nhất chữ cái đầu viết hoa.	Attribute_value_list	Color
Thuộc tính tổn thương	Màu sắc	Đỏ || đỏ	Đỏ	Chỉ chuẩn hóa chữ hoa/thường	Giữ nguyên từ và qualifier; thống nhất chữ cái đầu viết hoa.	Attribute_value_list	Color
Thuộc tính tổn thương	Màu sắc	Đỏ hồng || đỏ hồng	Đỏ hồng	Chỉ chuẩn hóa chữ hoa/thường	Giữ nguyên từ và qualifier; thống nhất chữ cái đầu viết hoa.	Attribute_value_list	Color
Thuộc tính tổn thương	Màu sắc	Đỏ nhạt || đỏ nhạt	Đỏ nhạt	Chỉ chuẩn hóa chữ hoa/thường	Giữ nguyên từ và qualifier; thống nhất chữ cái đầu viết hoa.	Attribute_value_list	Color
Thuộc tính tổn thương	Màu sắc	đỏ nâu || Đỏ nâu	Đỏ nâu	Chỉ chuẩn hóa chữ hoa/thường	Giữ nguyên từ và qualifier; thống nhất chữ cái đầu viết hoa.	Attribute_value_list	Color
Thuộc tính tổn thương	Màu sắc	Đỏ sẫm || đỏ sẫm	Đỏ sẫm	Chỉ chuẩn hóa chữ hoa/thường	Giữ nguyên từ và qualifier; thống nhất chữ cái đầu viết hoa.	Attribute_value_list	Color
Thuộc tính tổn thương	Màu sắc	tím đỏ || Tím đỏ || đỏ tím || Đỏ tím	Đỏ tím	Chuẩn hóa gần trùng	Hai nhãn dùng cùng hai thành tố màu theo thứ tự khác nhau; thống nhất một trật tự.	Attribute_value_list	Color
Thuộc tính tổn thương	Màu sắc	Đỏ tươi || đỏ tươi	Đỏ tươi	Chỉ chuẩn hóa chữ hoa/thường	Giữ nguyên từ và qualifier; thống nhất chữ cái đầu viết hoa.	Attribute_value_list	Color
Thuộc tính tổn thương	Hình thái tóc/lông	chấm đen || Chấm đen	Chấm đen	Chỉ chuẩn hóa chữ hoa/thường	Giữ nguyên từ và qualifier; thống nhất chữ cái đầu viết hoa.	Attribute_value_list	Hair_Morphology
Thuộc tính tổn thương	Hình thái tóc/lông	lông ‘tóc gãy || lông ‘Tóc gãy	Lông ‘tóc gãy	Chỉ chuẩn hóa chữ hoa/thường	Giữ nguyên từ và qualifier; thống nhất chữ cái đầu viết hoa.	Attribute_value_list	Hair_Morphology
Thuộc tính tổn thương	Hình thái tóc/lông	lông ‘vảy dày || lông ‘Vảy dày	Lông ‘vảy dày	Chỉ chuẩn hóa chữ hoa/thường	Giữ nguyên từ và qualifier; thống nhất chữ cái đầu viết hoa.	Attribute_value_list	Hair_Morphology
Thuộc tính tổn thương	Hình thái tóc/lông	lỗ chân lông || Lỗ chân lông	Lỗ chân lông	Chỉ chuẩn hóa chữ hoa/thường	Giữ nguyên từ và qualifier; thống nhất chữ cái đầu viết hoa.	Attribute_value_list	Hair_Morphology
Thuộc tính tổn thương	Hình thái tóc/lông	Thưa tóc || thưa tóc	Thưa tóc	Chỉ chuẩn hóa chữ hoa/thường	Giữ nguyên từ và qualifier; thống nhất chữ cái đầu viết hoa.	Attribute_value_list	Hair_Morphology
Thuộc tính tổn thương	Hình thái tóc/lông	Sợi tóc gãy || Tóc gãy || tóc gãy	Tóc gãy	Cần duyệt trước	Gần nghĩa; xác nhận việc bỏ từ Sợi không làm mất thông tin cần thiết.	Attribute_value_list	Hair_Morphology
Thuộc tính tổn thương	Tóc và bề mặt da	Bề mặt bóng || Da bóng	Bề mặt bóng	Cần duyệt trước	Gần nghĩa; giữ riêng các qualifier như bóng nhờn, bóng ẩm hoặc bóng căng.	Attribute_value_list	Hair_and_Surface_Characteristics
Thuộc tính tổn thương	Tóc và bề mặt da	Bóng nhờn || Bề mặt bóng nhờn || Da bóng nhờn	Bề mặt bóng nhờn	Cần duyệt trước	Các cách gọi gần nhau; giữ riêng Bề mặt bóng nếu không có ý nhờn.	Attribute_value_list	Hair_and_Surface_Characteristics
Thuộc tính tổn thương	Tóc và bề mặt da	Bề mặt nhẵn || Bề mặt trơn láng || Da nhẵn || Da trơn láng	Bề mặt nhẵn	Cần duyệt trước	Gần nghĩa về bề mặt nhẵn; không gộp với Bề mặt nhăn.	Attribute_value_list	Hair_and_Surface_Characteristics
Thuộc tính tổn thương	Tóc và bề mặt da	Da khô || Khô da	Da khô	Chuẩn hóa gần trùng	Cùng cụm từ với trật tự từ khác nhau.	Attribute_value_list	Hair_and_Surface_Characteristics
Thuộc tính tổn thương	Tóc và bề mặt da	Lông thưa || Thưa lông	Lông thưa	Chuẩn hóa gần trùng	Cùng mô tả mật độ lông thưa.	Attribute_value_list	Hair_and_Surface_Characteristics
Thuộc tính tổn thương	Tóc và bề mặt da	Thưa tóc || Tóc thưa	Tóc thưa	Chuẩn hóa gần trùng	Cùng mô tả mật độ tóc thưa.	Attribute_value_list	Hair_and_Surface_Characteristics
Thuộc tính tổn thương	Hình thái móng	Biến dạng móng || biến dạng móng || Móng biến dạng	Biến dạng móng	Chuẩn hóa gần trùng	Cùng cụm từ với trật tự từ khác nhau; giữ riêng Biến đổi móng.	Attribute_value_list	Nail_Morphology
Thuộc tính tổn thương	Hình thái móng	Dày móng || Móng dày	Dày móng	Chuẩn hóa gần trùng	Cùng cụm từ với trật tự từ khác nhau.	Attribute_value_list	Nail_Morphology
Thuộc tính tổn thương	Hình thái móng	Loạn dưỡng móng || Móng loạn dưỡng	Loạn dưỡng móng	Chuẩn hóa gần trùng	Cùng cụm từ với trật tự từ khác nhau.	Attribute_value_list	Nail_Morphology
Thuộc tính tổn thương	Hình thái móng	móng ‘dày móng || móng ‘Dày móng	Móng ‘dày móng	Chỉ chuẩn hóa chữ hoa/thường	Giữ nguyên từ và qualifier; thống nhất chữ cái đầu viết hoa.	Attribute_value_list	Nail_Morphology
Thuộc tính tổn thương	Hình thái móng	Rãnh dọc móng || Rãnh móng dọc	Rãnh dọc móng	Chuẩn hóa gần trùng	Cùng cụm từ với trật tự từ khác nhau.	Attribute_value_list	Nail_Morphology
Thuộc tính tổn thương	Hình thái móng	Ly móng || tách móng || Tách móng	Tách móng	Cần duyệt trước	Đề xuất thống nhất cách gọi; bác sĩ xác nhận hai nhãn được dùng đồng nghĩa trong ngữ cảnh nguồn.	Attribute_value_list	Nail_Morphology
Thuộc tính tổn thương	Biến đổi thứ phát	Bong tróc || bong tróc	Bong tróc	Chỉ chuẩn hóa chữ hoa/thường	Giữ nguyên từ và qualifier; thống nhất chữ cái đầu viết hoa.	Attribute_value_list	Secondary_Change
Thuộc tính tổn thương	Biến đổi thứ phát	bong vảy || Bong vảy	Bong vảy	Chỉ chuẩn hóa chữ hoa/thường	Giữ nguyên từ và qualifier; thống nhất chữ cái đầu viết hoa.	Attribute_value_list	Secondary_Change
Thuộc tính tổn thương	Biến đổi thứ phát	Bong vảy mỏng || bong vảy mỏng	Bong vảy mỏng	Chỉ chuẩn hóa chữ hoa/thường	Giữ nguyên từ và qualifier; thống nhất chữ cái đầu viết hoa.	Attribute_value_list	Secondary_Change
Thuộc tính tổn thương	Biến đổi thứ phát	Khe nứt || khe nứt	Khe nứt	Chỉ chuẩn hóa chữ hoa/thường	Giữ nguyên từ và qualifier; thống nhất chữ cái đầu viết hoa.	Attribute_value_list	Secondary_Change
Thuộc tính tổn thương	Biến đổi thứ phát	loét || Loét	Loét	Chỉ chuẩn hóa chữ hoa/thường	Giữ nguyên từ và qualifier; thống nhất chữ cái đầu viết hoa.	Attribute_value_list	Secondary_Change
Thuộc tính tổn thương	Biến đổi thứ phát	Loét nông || loét nông	Loét nông	Chỉ chuẩn hóa chữ hoa/thường	Giữ nguyên từ và qualifier; thống nhất chữ cái đầu viết hoa.	Attribute_value_list	Secondary_Change
Thuộc tính tổn thương	Biến đổi thứ phát	Nứt da || nứt da	Nứt da	Chỉ chuẩn hóa chữ hoa/thường	Giữ nguyên từ và qualifier; thống nhất chữ cái đầu viết hoa.	Attribute_value_list	Secondary_Change
Thuộc tính tổn thương	Biến đổi thứ phát	Nứt kẽ || nứt kẽ	Nứt kẽ	Chỉ chuẩn hóa chữ hoa/thường	Giữ nguyên từ và qualifier; thống nhất chữ cái đầu viết hoa.	Attribute_value_list	Secondary_Change
Thuộc tính tổn thương	Biến đổi thứ phát	Trợt || trợt	Trợt	Chỉ chuẩn hóa chữ hoa/thường	Giữ nguyên từ và qualifier; thống nhất chữ cái đầu viết hoa.	Attribute_value_list	Secondary_Change
Thuộc tính tổn thương	Biến đổi thứ phát	trợt da || Trợt da	Trợt da	Chỉ chuẩn hóa chữ hoa/thường	Giữ nguyên từ và qualifier; thống nhất chữ cái đầu viết hoa.	Attribute_value_list	Secondary_Change
Thuộc tính tổn thương	Biến đổi thứ phát	Vảy || vảy	Vảy	Chỉ chuẩn hóa chữ hoa/thường	Giữ nguyên từ và qualifier; thống nhất chữ cái đầu viết hoa.	Attribute_value_list	Secondary_Change
Thuộc tính tổn thương	Biến đổi thứ phát	vảy dày || Vảy dày	Vảy dày	Chỉ chuẩn hóa chữ hoa/thường	Giữ nguyên từ và qualifier; thống nhất chữ cái đầu viết hoa.	Attribute_value_list	Secondary_Change
Thuộc tính tổn thương	Biến đổi thứ phát	Vảy mịn || vảy mịn	Vảy mịn	Chỉ chuẩn hóa chữ hoa/thường	Giữ nguyên từ và qualifier; thống nhất chữ cái đầu viết hoa.	Attribute_value_list	Secondary_Change
Thuộc tính tổn thương	Biến đổi thứ phát	vảy tiết || Vảy tiết	Vảy tiết	Chỉ chuẩn hóa chữ hoa/thường	Giữ nguyên từ và qualifier; thống nhất chữ cái đầu viết hoa.	Attribute_value_list	Secondary_Change
Thuộc tính tổn thương	Biến đổi thứ phát	vết loét || Vết loét	Vết loét	Chỉ chuẩn hóa chữ hoa/thường	Giữ nguyên từ và qualifier; thống nhất chữ cái đầu viết hoa.	Attribute_value_list	Secondary_Change
Thuộc tính tổn thương	Hình dạng	bia bắn || Bia bắn || Bia đích || Dạng bia || Hình bia bắn	Bia đích	Cần duyệt trước	Các nhãn gần nhau nhưng mức độ tương đương chưa chắc chắn.	Attribute_value_list	Shape
Thuộc tính tổn thương	Hình dạng	Bầu dục dài || Bầu dục kéo dài	Bầu dục kéo dài	Chuẩn hóa gần trùng	Cùng hình dạng và qualifier kéo dài; không gộp với Bầu dục. Giá trị canonical của nhóm; không cần sửa nhãn này.	Attribute_value_list	Shape
Thuộc tính tổn thương	Hình dạng	Bầu dục nhỏ || bầu dục nhỏ	Bầu dục nhỏ	Chỉ chuẩn hóa chữ hoa/thường	Giữ nguyên từ và qualifier; thống nhất chữ cái đầu viết hoa.	Attribute_value_list	Shape
Thuộc tính tổn thương	Hình dạng	bờ cung || Bờ cung	Bờ cung	Chỉ chuẩn hóa chữ hoa/thường	Giữ nguyên từ và qualifier; thống nhất chữ cái đầu viết hoa.	Attribute_value_list	Shape
Thuộc tính tổn thương	Hình dạng	Bờ nham nhở || Mép nham nhở || Nham nhở || Rìa nham nhở	Bờ nham nhở	Cần duyệt trước	Có thể là bờ nham nhở nhưng nhãn thiếu từ chỉ vị trí. Cùng mô tả bờ nham nhở; giữ riêng từ Nham nhở nếu thiếu ngữ cảnh. Giá trị canonical của nhóm; không cần sửa nhãn này.	Attribute_value_list	Shape
Thuộc tính tổn thương	Hình dạng	Chấm nhỏ || chấm nhỏ	Chấm nhỏ	Chỉ chuẩn hóa chữ hoa/thường	Giữ nguyên từ và qualifier; thống nhất chữ cái đầu viết hoa.	Attribute_value_list	Shape
Thuộc tính tổn thương	Hình dạng	Cung tròn || cung tròn	Cung tròn	Chỉ chuẩn hóa chữ hoa/thường	Giữ nguyên từ và qualifier; thống nhất chữ cái đầu viết hoa.	Attribute_value_list	Shape
Thuộc tính tổn thương	Hình dạng	Dài || dài	Dài	Chỉ chuẩn hóa chữ hoa/thường	Giữ nguyên từ và qualifier; thống nhất chữ cái đầu viết hoa.	Attribute_value_list	Shape
Thuộc tính tổn thương	Hình dạng	Bản đồ || Dạng bản đồ || Hình bản đồ	Dạng bản đồ	Chuẩn hóa gần trùng	Cùng mô tả dạng bản đồ; khác tiền tố. Giá trị canonical của nhóm; không cần sửa nhãn này.	Attribute_value_list	Shape
Thuộc tính tổn thương	Hình dạng	Chùm || chùm || Dạng chùm || Thành chùm	Dạng chùm	Cần duyệt trước	Các cách nói gần nhau; kiểm tra câu nguồn trước khi thống nhất cách diễn đạt.	Attribute_value_list	Shape
Thuộc tính tổn thương	Hình dạng	Dạng dải || Dải || dải	Dạng dải	Chuẩn hóa gần trùng	Cùng cụm từ; khác tiền tố Dạng. Giá trị canonical của nhóm; không cần sửa nhãn này.	Attribute_value_list	Shape
Thuộc tính tổn thương	Hình dạng	Dạng lưới || dạng lưới || Dạng mạng lưới || dạng mạng lưới || lưới || Lưới || Mạng lưới	Dạng mạng lưới	Chuẩn hóa gần trùng	Cùng cách gọi dạng lưới/mạng lưới; giữ riêng vân lưới mờ và dạng ô lưới. Giá trị canonical của nhóm; không cần sửa nhãn này.	Attribute_value_list	Shape
Thuộc tính tổn thương	Hình dạng	Dạng nhánh || dạng nhánh	Dạng nhánh	Chỉ chuẩn hóa chữ hoa/thường	Giữ nguyên từ và qualifier; thống nhất chữ cái đầu viết hoa.	Attribute_value_list	Shape
Thuộc tính tổn thương	Hình dạng	Dạng múi || Dạng thùy || dạng thùy || Nhiều thùy || Thuỳ || thùy múi || Thùy múi || Đa thùy || đa thùy	Dạng thùy múi	Cần duyệt trước	Các cụm gần nghĩa nhưng có thể khác nhau về số lượng/mức độ thùy.	Attribute_value_list	Shape
Thuộc tính tổn thương	Hình dạng	dạng vòm || Dạng vòm || hình vòm || Hình vòm || Vòm || vòm	Dạng vòm	Chuẩn hóa gần trùng	Cùng khái niệm vòm; khác tiền tố hoặc chữ hoa/thường. Giá trị canonical của nhóm; không cần sửa nhãn này.	Attribute_value_list	Shape
Thuộc tính tổn thương	Hình dạng	Dạng nhẫn || dạng vòng || Dạng vòng || hình nhẫn || Hình nhẫn || Hình vòng || hình vòng || Nhẫn || Vòng || vòng	Dạng vòng	Cần duyệt trước	Cùng cách gọi hình vòng; giữ riêng nhẫn và các qualifier vòng hở/một phần. Giá trị canonical của nhóm; không cần sửa nhãn này. Gần nghĩa với Dạng vòng; cần xác nhận có dùng thay thế cho nhau trong bộ dữ liệu.	Attribute_value_list	Shape
Thuộc tính tổn thương	Hình dạng	dạng đường || Dạng đường || Đường	Dạng đường	Chuẩn hóa gần trùng	Cùng cụm từ; khác tiền tố Dạng. Giá trị canonical của nhóm; không cần sửa nhãn này.	Attribute_value_list	Shape
Thuộc tính tổn thương	Hình dạng	Dạng đường thẳng || đường thẳng || Đường thẳng	Dạng đường thẳng	Chuẩn hóa gần trùng	Cùng cụm từ; khác tiền tố Dạng. Giá trị canonical của nhóm; không cần sửa nhãn này.	Attribute_value_list	Shape
Thuộc tính tổn thương	Hình dạng	dải dài || Dải dài	Dải dài	Chỉ chuẩn hóa chữ hoa/thường	Giữ nguyên từ và qualifier; thống nhất chữ cái đầu viết hoa.	Attribute_value_list	Shape
Thuộc tính tổn thương	Hình dạng	dải ngang || Dải ngang	Dải ngang	Chỉ chuẩn hóa chữ hoa/thường	Giữ nguyên từ và qualifier; thống nhất chữ cái đầu viết hoa.	Attribute_value_list	Shape
Thuộc tính tổn thương	Hình dạng	Dải rộng || dải rộng	Dải rộng	Chỉ chuẩn hóa chữ hoa/thường	Giữ nguyên từ và qualifier; thống nhất chữ cái đầu viết hoa.	Attribute_value_list	Shape
Thuộc tính tổn thương	Hình dạng	Gồ || gồ	Gồ	Chỉ chuẩn hóa chữ hoa/thường	Giữ nguyên từ và qualifier; thống nhất chữ cái đầu viết hoa.	Attribute_value_list	Shape
Thuộc tính tổn thương	Hình dạng	Gồ ghề || gồ ghề	Gồ ghề	Chỉ chuẩn hóa chữ hoa/thường	Giữ nguyên từ và qualifier; thống nhất chữ cái đầu viết hoa.	Attribute_value_list	Shape
Thuộc tính tổn thương	Hình dạng	Bán cầu || Hình bán cầu	Hình bán cầu	Chuẩn hóa gần trùng	Cùng cụm từ; khác tiền tố Hình. Giá trị canonical của nhóm; không cần sửa nhãn này.	Attribute_value_list	Shape
Thuộc tính tổn thương	Hình dạng	bầu dục || Bầu dục || Dạng bầu dục || hình bầu dục || Hình bầu dục	Hình bầu dục	Chuẩn hóa gần trùng	Cùng một hình dạng; khác tiền tố Hình/Dạng. Giá trị canonical của nhóm; không cần sửa nhãn này.	Attribute_value_list	Shape
Thuộc tính tổn thương	Hình dạng	Chữ nhật || chữ nhật || hình chữ nhật	Hình chữ nhật	Chuẩn hóa gần trùng	Cùng một hình dạng; khác tiền tố Hình và chữ hoa/thường. Giá trị canonical của nhóm; không cần sửa nhãn này.	Attribute_value_list	Shape
Thuộc tính tổn thương	Hình dạng	Cung || cung || Dạng cung || hình cung || Hình cung	Hình cung	Chuẩn hóa gần trùng	Cùng mô tả hình cung; khác tiền tố. Giá trị canonical của nhóm; không cần sửa nhãn này.	Attribute_value_list	Shape
Thuộc tính tổn thương	Hình dạng	Cánh bướm || Hình cánh bướm	Hình cánh bướm	Chuẩn hóa gần trùng	Cùng cụm từ; khác tiền tố Hình. Giá trị canonical của nhóm; không cần sửa nhãn này.	Attribute_value_list	Shape
Thuộc tính tổn thương	Hình dạng	Hình tam giác || Tam giác	Hình tam giác	Chuẩn hóa gần trùng	Cùng một hình dạng; khác tiền tố Hình. Giá trị canonical của nhóm; không cần sửa nhãn này.	Attribute_value_list	Shape
Thuộc tính tổn thương	Hình dạng	Hình thoi || thoi || Thoi	Hình thoi	Chuẩn hóa gần trùng	Cùng một hình dạng; khác tiền tố Hình. Giá trị canonical của nhóm; không cần sửa nhãn này.	Attribute_value_list	Shape
Thuộc tính tổn thương	Hình dạng	Hình tròn || hình tròn || Tròn || tròn	Hình tròn	Chuẩn hóa gần trùng	Cùng một hình dạng; khác tiền tố Hình và chữ hoa/thường. Giá trị canonical của nhóm; không cần sửa nhãn này.	Attribute_value_list	Shape
Thuộc tính tổn thương	Hình dạng	Hình tròn nhỏ || tròn nhỏ || Tròn nhỏ	Hình tròn nhỏ	Chuẩn hóa gần trùng	Cùng hình dạng và qualifier nhỏ; không gộp với Hình tròn. Giá trị canonical của nhóm; không cần sửa nhãn này.	Attribute_value_list	Shape
Thuộc tính tổn thương	Hình dạng	Hình vòng cung || Vòng cung || vòng cung	Hình vòng cung	Chuẩn hóa gần trùng	Cùng cụm từ; khác tiền tố Hình. Giá trị canonical của nhóm; không cần sửa nhãn này.	Attribute_value_list	Shape
Thuộc tính tổn thương	Hình dạng	Hình đa giác || đa giác || Đa giác	Hình đa giác	Chuẩn hóa gần trùng	Cùng một hình dạng; khác tiền tố Hình. Giá trị canonical của nhóm; không cần sửa nhãn này.	Attribute_value_list	Shape
Thuộc tính tổn thương	Hình dạng	Hình đồng xu || Đồng tiền || Đồng xu || đồng xu	Hình đồng xu	Chuẩn hóa gần trùng	Cùng cách gọi hình đồng xu/đồng tiền; không gộp với hình tròn chung. Giá trị canonical của nhóm; không cần sửa nhãn này.	Attribute_value_list	Shape
Thuộc tính tổn thương	Hình dạng	Hơi gồ || hơi gồ	Hơi gồ	Chỉ chuẩn hóa chữ hoa/thường	Giữ nguyên từ và qualifier; thống nhất chữ cái đầu viết hoa.	Attribute_value_list	Shape
Thuộc tính tổn thương	Hình dạng	Khe nứt || khe nứt	Khe nứt	Chỉ chuẩn hóa chữ hoa/thường	Giữ nguyên từ và qualifier; thống nhất chữ cái đầu viết hoa.	Attribute_value_list	Shape
Thuộc tính tổn thương	Hình dạng	Bất quy tắc || bất quy tắc || không đều || Không đều	Không đều	Cần duyệt trước	Có thể gần nghĩa nhưng cần xác nhận source context trước khi gộp.	Attribute_value_list	Shape
Thuộc tính tổn thương	Hình dạng	Bất đối xứng || Không đối xứng	Không đối xứng	Chuẩn hóa gần trùng	Cùng nghĩa; khác tiền tố phủ định. Giá trị canonical của nhóm; không cần sửa nhãn này.	Attribute_value_list	Shape
Thuộc tính tổn thương	Hình dạng	kích thước đều || Kích thước đều	Kích thước đều	Chỉ chuẩn hóa chữ hoa/thường	Giữ nguyên từ và qualifier; thống nhất chữ cái đầu viết hoa.	Attribute_value_list	Shape
Thuộc tính tổn thương	Hình dạng	Loang lổ || loang lổ	Loang lổ	Chỉ chuẩn hóa chữ hoa/thường	Giữ nguyên từ và qualifier; thống nhất chữ cái đầu viết hoa.	Attribute_value_list	Shape
Thuộc tính tổn thương	Hình dạng	Lõm giữa || Lõm trung tâm || Trung tâm lõm	Lõm trung tâm	Chuẩn hóa gần trùng	Cùng mô tả vùng lõm ở trung tâm; khác trật tự từ. Giá trị canonical của nhóm; không cần sửa nhãn này.	Attribute_value_list	Shape
Thuộc tính tổn thương	Hình dạng	Ngoằn ngoèo || ngoằn ngoèo	Ngoằn ngoèo	Chỉ chuẩn hóa chữ hoa/thường	Giữ nguyên từ và qualifier; thống nhất chữ cái đầu viết hoa.	Attribute_value_list	Shape
Thuộc tính tổn thương	Hình dạng	Nhô cao || nhô cao	Nhô cao	Chỉ chuẩn hóa chữ hoa/thường	Giữ nguyên từ và qualifier; thống nhất chữ cái đầu viết hoa.	Attribute_value_list	Shape
Thuộc tính tổn thương	Hình dạng	Nhỏ || nhỏ	Nhỏ	Chỉ chuẩn hóa chữ hoa/thường	Giữ nguyên từ và qualifier; thống nhất chữ cái đầu viết hoa.	Attribute_value_list	Shape
Thuộc tính tổn thương	Hình dạng	nổi cao || Nổi cao	Nổi cao	Chỉ chuẩn hóa chữ hoa/thường	Giữ nguyên từ và qualifier; thống nhất chữ cái đầu viết hoa.	Attribute_value_list	Shape
Thuộc tính tổn thương	Hình dạng	Phân nhánh || phân nhánh	Phân nhánh	Chỉ chuẩn hóa chữ hoa/thường	Giữ nguyên từ và qualifier; thống nhất chữ cái đầu viết hoa.	Attribute_value_list	Shape
Thuộc tính tổn thương	Hình dạng	Phù nề || phù nề	Phù nề	Chỉ chuẩn hóa chữ hoa/thường	Giữ nguyên từ và qualifier; thống nhất chữ cái đầu viết hoa.	Attribute_value_list	Shape
Thuộc tính tổn thương	Hình dạng	bờ không rõ || Bờ không rõ || Bờ mờ || bờ mờ || Mờ ranh giới || ranh giới không rõ || Ranh giới không rõ || Ranh giới mờ || ranh giới mờ	Ranh giới không rõ	Chuẩn hóa gần trùng	Cùng mô tả ranh giới không rõ; khác cách diễn đạt. Giá trị canonical của nhóm; không cần sửa nhãn này.	Attribute_value_list	Shape
Thuộc tính tổn thương	Hình dạng	bờ không đều || Bờ không đều || Ranh giới không đều	Ranh giới không đều	Chuẩn hóa gần trùng	Cùng mô tả bờ/ranh giới không đều. Giá trị canonical của nhóm; không cần sửa nhãn này.	Attribute_value_list	Shape
Thuộc tính tổn thương	Hình dạng	bờ rõ || Bờ rõ || Bờ viền rõ || ranh giới rõ || Ranh giới rõ	Ranh giới rõ	Chuẩn hóa gần trùng	Cùng mô tả ranh giới rõ; khác cách diễn đạt. Giá trị canonical của nhóm; không cần sửa nhãn này.	Attribute_value_list	Shape
Thuộc tính tổn thương	Hình dạng	Bờ khá rõ || bờ khá rõ || Bờ tương đối rõ || Giới hạn khá rõ || Ranh giới tương đối rõ	Ranh giới tương đối rõ	Chuẩn hóa gần trùng	Các cách diễn đạt gần nhau về ranh giới tương đối rõ. Giá trị canonical của nhóm; không cần sửa nhãn này.	Attribute_value_list	Shape
Thuộc tính tổn thương	Hình dạng	Song song || song song	Song song	Chỉ chuẩn hóa chữ hoa/thường	Giữ nguyên từ và qualifier; thống nhất chữ cái đầu viết hoa.	Attribute_value_list	Shape
Thuộc tính tổn thương	Hình dạng	Thuôn dài || thuôn dài	Thuôn dài	Chỉ chuẩn hóa chữ hoa/thường	Giữ nguyên từ và qualifier; thống nhất chữ cái đầu viết hoa.	Attribute_value_list	Shape
Thuộc tính tổn thương	Hình dạng	tròn bầu dục || Tròn bầu dục || Tròn-bầu dục	Tròn bầu dục	Chuẩn hóa gần trùng	Chỉ chuẩn hóa dấu nối; không gộp với Bầu dục. Giá trị canonical của nhóm; không cần sửa nhãn này.	Attribute_value_list	Shape
Thuộc tính tổn thương	Hình dạng	tuyến tính || Tuyến tính	Tuyến tính	Chỉ chuẩn hóa chữ hoa/thường	Giữ nguyên từ và qualifier; thống nhất chữ cái đầu viết hoa.	Attribute_value_list	Shape
Thuộc tính tổn thương	Hình dạng	vòm tròn || Vòm tròn	Vòm tròn	Chỉ chuẩn hóa chữ hoa/thường	Giữ nguyên từ và qualifier; thống nhất chữ cái đầu viết hoa.	Attribute_value_list	Shape
Thuộc tính tổn thương	Hình dạng	Vòng hở || Vòng không hoàn toàn || Vòng một phần	Vòng không hoàn toàn	Chuẩn hóa gần trùng	Cùng mô tả vòng không khép kín; giữ nguyên qualifier không hoàn toàn. Giá trị canonical của nhóm; không cần sửa nhãn này.	Attribute_value_list	Shape
Thuộc tính tổn thương	Hình dạng	Đa cung || đa cung	Đa cung	Chỉ chuẩn hóa chữ hoa/thường	Giữ nguyên từ và qualifier; thống nhất chữ cái đầu viết hoa.	Attribute_value_list	Shape
Thuộc tính tổn thương	Hình dạng	đa giác lớn || Đa giác lớn	Đa giác lớn	Chỉ chuẩn hóa chữ hoa/thường	Giữ nguyên từ và qualifier; thống nhất chữ cái đầu viết hoa.	Attribute_value_list	Shape
Thuộc tính tổn thương	Hình dạng	đa vòng || Đa vòng	Đa vòng	Chỉ chuẩn hóa chữ hoa/thường	Giữ nguyên từ và qualifier; thống nhất chữ cái đầu viết hoa.	Attribute_value_list	Shape
Thuộc tính tổn thương	Hình dạng	Đường mảnh || đường mảnh	Đường mảnh	Chỉ chuẩn hóa chữ hoa/thường	Giữ nguyên từ và qualifier; thống nhất chữ cái đầu viết hoa.	Attribute_value_list	Shape
Thuộc tính tổn thương	Hình dạng	Đồng dạng || đồng dạng	Đồng dạng	Chỉ chuẩn hóa chữ hoa/thường	Giữ nguyên từ và qualifier; thống nhất chữ cái đầu viết hoa.	Attribute_value_list	Shape
Thuộc tính tổn thương	Hình dạng	Ổ nhỏ || ổ nhỏ	Ổ nhỏ	Chỉ chuẩn hóa chữ hoa/thường	Giữ nguyên từ và qualifier; thống nhất chữ cái đầu viết hoa.	Attribute_value_list	Shape
Thuộc tính tổn thương	Bề mặt/biến đổi thứ phát	bong móng || Bong móng	Bong móng	Chỉ chuẩn hóa chữ hoa/thường	Giữ nguyên từ và qualifier; thống nhất chữ cái đầu viết hoa.	Attribute_value_list	Surface_or_secondary_change
Thuộc tính tổn thương	Bề mặt/biến đổi thứ phát	bong vảy || Bong vảy	Bong vảy	Chỉ chuẩn hóa chữ hoa/thường	Giữ nguyên từ và qualifier; thống nhất chữ cái đầu viết hoa.	Attribute_value_list	Surface_or_secondary_change
Thuộc tính tổn thương	Bề mặt/biến đổi thứ phát	Bong vảy mịn || bong vảy mịn	Bong vảy mịn	Chỉ chuẩn hóa chữ hoa/thường	Giữ nguyên từ và qualifier; thống nhất chữ cái đầu viết hoa.	Attribute_value_list	Surface_or_secondary_change
Thuộc tính tổn thương	Bề mặt/biến đổi thứ phát	bong vảy mỏng || Bong vảy mỏng	Bong vảy mỏng	Chỉ chuẩn hóa chữ hoa/thường	Giữ nguyên từ và qualifier; thống nhất chữ cái đầu viết hoa.	Attribute_value_list	Surface_or_secondary_change
Thuộc tính tổn thương	Bề mặt/biến đổi thứ phát	Bóng || bóng	Bóng	Chỉ chuẩn hóa chữ hoa/thường	Giữ nguyên từ và qualifier; thống nhất chữ cái đầu viết hoa.	Attribute_value_list	Surface_or_secondary_change
Thuộc tính tổn thương	Bề mặt/biến đổi thứ phát	Bóng nhẹ || bóng nhẹ	Bóng nhẹ	Chỉ chuẩn hóa chữ hoa/thường	Giữ nguyên từ và qualifier; thống nhất chữ cái đầu viết hoa.	Attribute_value_list	Surface_or_secondary_change
Thuộc tính tổn thương	Bề mặt/biến đổi thứ phát	Bóng ẩm || bóng ẩm	Bóng ẩm	Chỉ chuẩn hóa chữ hoa/thường	Giữ nguyên từ và qualifier; thống nhất chữ cái đầu viết hoa.	Attribute_value_list	Surface_or_secondary_change
Thuộc tính tổn thương	Bề mặt/biến đổi thứ phát	Bề mặt bóng || bề mặt bóng	Bề mặt bóng	Chỉ chuẩn hóa chữ hoa/thường	Giữ nguyên từ và qualifier; thống nhất chữ cái đầu viết hoa.	Attribute_value_list	Surface_or_secondary_change
Thuộc tính tổn thương	Bề mặt/biến đổi thứ phát	Bề mặt khô || bề mặt khô	Bề mặt khô	Chỉ chuẩn hóa chữ hoa/thường	Giữ nguyên từ và qualifier; thống nhất chữ cái đầu viết hoa.	Attribute_value_list	Surface_or_secondary_change
Thuộc tính tổn thương	Bề mặt/biến đổi thứ phát	Bề mặt nhẵn || bề mặt nhẵn	Bề mặt nhẵn	Chỉ chuẩn hóa chữ hoa/thường	Giữ nguyên từ và qualifier; thống nhất chữ cái đầu viết hoa.	Attribute_value_list	Surface_or_secondary_change
Thuộc tính tổn thương	Bề mặt/biến đổi thứ phát	Bề mặt sùi || bề mặt sùi	Bề mặt sùi	Chỉ chuẩn hóa chữ hoa/thường	Giữ nguyên từ và qualifier; thống nhất chữ cái đầu viết hoa.	Attribute_value_list	Surface_or_secondary_change
Thuộc tính tổn thương	Bề mặt/biến đổi thứ phát	Bề mặt sần || bề mặt sần	Bề mặt sần	Chỉ chuẩn hóa chữ hoa/thường	Giữ nguyên từ và qualifier; thống nhất chữ cái đầu viết hoa.	Attribute_value_list	Surface_or_secondary_change
Thuộc tính tổn thương	Bề mặt/biến đổi thứ phát	Bề mặt thô || bề mặt thô	Bề mặt thô	Chỉ chuẩn hóa chữ hoa/thường	Giữ nguyên từ và qualifier; thống nhất chữ cái đầu viết hoa.	Attribute_value_list	Surface_or_secondary_change
Thuộc tính tổn thương	Bề mặt/biến đổi thứ phát	Bề mặt trơn || bề mặt trơn	Bề mặt trơn	Chỉ chuẩn hóa chữ hoa/thường	Giữ nguyên từ và qualifier; thống nhất chữ cái đầu viết hoa.	Attribute_value_list	Surface_or_secondary_change
Thuộc tính tổn thương	Bề mặt/biến đổi thứ phát	bề mặt ướt || Bề mặt ướt	Bề mặt ướt	Chỉ chuẩn hóa chữ hoa/thường	Giữ nguyên từ và qualifier; thống nhất chữ cái đầu viết hoa.	Attribute_value_list	Surface_or_secondary_change
Thuộc tính tổn thương	Bề mặt/biến đổi thứ phát	Bề mặt ẩm || bề mặt ẩm	Bề mặt ẩm	Chỉ chuẩn hóa chữ hoa/thường	Giữ nguyên từ và qualifier; thống nhất chữ cái đầu viết hoa.	Attribute_value_list	Surface_or_secondary_change
Thuộc tính tổn thương	Bề mặt/biến đổi thứ phát	Bờ gồ || bờ gồ	Bờ gồ	Chỉ chuẩn hóa chữ hoa/thường	Giữ nguyên từ và qualifier; thống nhất chữ cái đầu viết hoa.	Attribute_value_list	Surface_or_secondary_change
Thuộc tính tổn thương	Bề mặt/biến đổi thứ phát	Bờ gồ nhẹ || bờ gồ nhẹ	Bờ gồ nhẹ	Chỉ chuẩn hóa chữ hoa/thường	Giữ nguyên từ và qualifier; thống nhất chữ cái đầu viết hoa.	Attribute_value_list	Surface_or_secondary_change
Thuộc tính tổn thương	Bề mặt/biến đổi thứ phát	bờ không rõ || Bờ không rõ	Bờ không rõ	Chỉ chuẩn hóa chữ hoa/thường	Giữ nguyên từ và qualifier; thống nhất chữ cái đầu viết hoa.	Attribute_value_list	Surface_or_secondary_change
Thuộc tính tổn thương	Bề mặt/biến đổi thứ phát	Bờ không đều || bờ không đều	Bờ không đều	Chỉ chuẩn hóa chữ hoa/thường	Giữ nguyên từ và qualifier; thống nhất chữ cái đầu viết hoa.	Attribute_value_list	Surface_or_secondary_change
Thuộc tính tổn thương	Bề mặt/biến đổi thứ phát	Bờ mờ || bờ mờ	Bờ mờ	Chỉ chuẩn hóa chữ hoa/thường	Giữ nguyên từ và qualifier; thống nhất chữ cái đầu viết hoa.	Attribute_value_list	Surface_or_secondary_change
Thuộc tính tổn thương	Bề mặt/biến đổi thứ phát	Bờ nổi || bờ nổi	Bờ nổi	Chỉ chuẩn hóa chữ hoa/thường	Giữ nguyên từ và qualifier; thống nhất chữ cái đầu viết hoa.	Attribute_value_list	Surface_or_secondary_change
Thuộc tính tổn thương	Bề mặt/biến đổi thứ phát	bờ nổi nhẹ || Bờ nổi nhẹ	Bờ nổi nhẹ	Chỉ chuẩn hóa chữ hoa/thường	Giữ nguyên từ và qualifier; thống nhất chữ cái đầu viết hoa.	Attribute_value_list	Surface_or_secondary_change
Thuộc tính tổn thương	Bề mặt/biến đổi thứ phát	Bờ rõ || bờ rõ	Bờ rõ	Chỉ chuẩn hóa chữ hoa/thường	Giữ nguyên từ và qualifier; thống nhất chữ cái đầu viết hoa.	Attribute_value_list	Surface_or_secondary_change
Thuộc tính tổn thương	Bề mặt/biến đổi thứ phát	Bờ trơn || bờ trơn	Bờ trơn	Chỉ chuẩn hóa chữ hoa/thường	Giữ nguyên từ và qualifier; thống nhất chữ cái đầu viết hoa.	Attribute_value_list	Surface_or_secondary_change
Thuộc tính tổn thương	Bề mặt/biến đổi thứ phát	chảy dịch || Chảy dịch	Chảy dịch	Chỉ chuẩn hóa chữ hoa/thường	Giữ nguyên từ và qualifier; thống nhất chữ cái đầu viết hoa.	Attribute_value_list	Surface_or_secondary_change
Thuộc tính tổn thương	Bề mặt/biến đổi thứ phát	chấm nâu || Chấm nâu	Chấm nâu	Chỉ chuẩn hóa chữ hoa/thường	Giữ nguyên từ và qualifier; thống nhất chữ cái đầu viết hoa.	Attribute_value_list	Surface_or_secondary_change
Thuộc tính tổn thương	Bề mặt/biến đổi thứ phát	chấm sắc tố || Chấm sắc tố	Chấm sắc tố	Chỉ chuẩn hóa chữ hoa/thường	Giữ nguyên từ và qualifier; thống nhất chữ cái đầu viết hoa.	Attribute_value_list	Surface_or_secondary_change
Thuộc tính tổn thương	Bề mặt/biến đổi thứ phát	chấm trung tâm || Chấm trung tâm	Chấm trung tâm	Chỉ chuẩn hóa chữ hoa/thường	Giữ nguyên từ và qualifier; thống nhất chữ cái đầu viết hoa.	Attribute_value_list	Surface_or_secondary_change
Thuộc tính tổn thương	Bề mặt/biến đổi thứ phát	Chấm đỏ nhỏ || chấm đỏ nhỏ	Chấm đỏ nhỏ	Chỉ chuẩn hóa chữ hoa/thường	Giữ nguyên từ và qualifier; thống nhất chữ cái đầu viết hoa.	Attribute_value_list	Surface_or_secondary_change
Thuộc tính tổn thương	Bề mặt/biến đổi thứ phát	co kéo || Co kéo	Co kéo	Chỉ chuẩn hóa chữ hoa/thường	Giữ nguyên từ và qualifier; thống nhất chữ cái đầu viết hoa.	Attribute_value_list	Surface_or_secondary_change
Thuộc tính tổn thương	Bề mặt/biến đổi thứ phát	Có vảy || có vảy	Có vảy	Chỉ chuẩn hóa chữ hoa/thường	Giữ nguyên từ và qualifier; thống nhất chữ cái đầu viết hoa.	Attribute_value_list	Surface_or_secondary_change
Thuộc tính tổn thương	Bề mặt/biến đổi thứ phát	Căng bóng || căng bóng	Căng bóng	Chỉ chuẩn hóa chữ hoa/thường	Giữ nguyên từ và qualifier; thống nhất chữ cái đầu viết hoa.	Attribute_value_list	Surface_or_secondary_change
Thuộc tính tổn thương	Bề mặt/biến đổi thứ phát	da bóng || Da bóng	Da bóng	Chỉ chuẩn hóa chữ hoa/thường	Giữ nguyên từ và qualifier; thống nhất chữ cái đầu viết hoa.	Attribute_value_list	Surface_or_secondary_change
Thuộc tính tổn thương	Bề mặt/biến đổi thứ phát	Da dày || da dày	Da dày	Chỉ chuẩn hóa chữ hoa/thường	Giữ nguyên từ và qualifier; thống nhất chữ cái đầu viết hoa.	Attribute_value_list	Surface_or_secondary_change
Thuộc tính tổn thương	Bề mặt/biến đổi thứ phát	da khô || Da khô	Da khô	Chỉ chuẩn hóa chữ hoa/thường	Giữ nguyên từ và qualifier; thống nhất chữ cái đầu viết hoa.	Attribute_value_list	Surface_or_secondary_change
Thuộc tính tổn thương	Bề mặt/biến đổi thứ phát	Da khô nhẹ || da khô nhẹ	Da khô nhẹ	Chỉ chuẩn hóa chữ hoa/thường	Giữ nguyên từ và qualifier; thống nhất chữ cái đầu viết hoa.	Attribute_value_list	Surface_or_secondary_change
Thuộc tính tổn thương	Bề mặt/biến đổi thứ phát	da mỏng || Da mỏng	Da mỏng	Chỉ chuẩn hóa chữ hoa/thường	Giữ nguyên từ và qualifier; thống nhất chữ cái đầu viết hoa.	Attribute_value_list	Surface_or_secondary_change
Thuộc tính tổn thương	Bề mặt/biến đổi thứ phát	Da nhăn || da nhăn	Da nhăn	Chỉ chuẩn hóa chữ hoa/thường	Giữ nguyên từ và qualifier; thống nhất chữ cái đầu viết hoa.	Attribute_value_list	Surface_or_secondary_change
Thuộc tính tổn thương	Bề mặt/biến đổi thứ phát	da nhẵn || Da nhẵn	Da nhẵn	Chỉ chuẩn hóa chữ hoa/thường	Giữ nguyên từ và qualifier; thống nhất chữ cái đầu viết hoa.	Attribute_value_list	Surface_or_secondary_change
Thuộc tính tổn thương	Bề mặt/biến đổi thứ phát	dày da || Dày da	Dày da	Chỉ chuẩn hóa chữ hoa/thường	Giữ nguyên từ và qualifier; thống nhất chữ cái đầu viết hoa.	Attribute_value_list	Surface_or_secondary_change
Thuộc tính tổn thương	Bề mặt/biến đổi thứ phát	dày móng || Dày móng	Dày móng	Chỉ chuẩn hóa chữ hoa/thường	Giữ nguyên từ và qualifier; thống nhất chữ cái đầu viết hoa.	Attribute_value_list	Surface_or_secondary_change
Thuộc tính tổn thương	Bề mặt/biến đổi thứ phát	Dày sừng || dày sừng	Dày sừng	Chỉ chuẩn hóa chữ hoa/thường	Giữ nguyên từ và qualifier; thống nhất chữ cái đầu viết hoa.	Attribute_value_list	Surface_or_secondary_change
Thuộc tính tổn thương	Bề mặt/biến đổi thứ phát	Dày sừng nhẹ || dày sừng nhẹ	Dày sừng nhẹ	Chỉ chuẩn hóa chữ hoa/thường	Giữ nguyên từ và qualifier; thống nhất chữ cái đầu viết hoa.	Attribute_value_list	Surface_or_secondary_change
Thuộc tính tổn thương	Bề mặt/biến đổi thứ phát	Dịch vàng || dịch vàng	Dịch vàng	Chỉ chuẩn hóa chữ hoa/thường	Giữ nguyên từ và qualifier; thống nhất chữ cái đầu viết hoa.	Attribute_value_list	Surface_or_secondary_change
Thuộc tính tổn thương	Bề mặt/biến đổi thứ phát	Giãn mạch || giãn mạch	Giãn mạch	Chỉ chuẩn hóa chữ hoa/thường	Giữ nguyên từ và qualifier; thống nhất chữ cái đầu viết hoa.	Attribute_value_list	Surface_or_secondary_change
Thuộc tính tổn thương	Bề mặt/biến đổi thứ phát	Giãn mạch nhỏ || giãn mạch nhỏ	Giãn mạch nhỏ	Chỉ chuẩn hóa chữ hoa/thường	Giữ nguyên từ và qualifier; thống nhất chữ cái đầu viết hoa.	Attribute_value_list	Surface_or_secondary_change
Thuộc tính tổn thương	Bề mặt/biến đổi thứ phát	giới hạn mờ || Giới hạn mờ	Giới hạn mờ	Chỉ chuẩn hóa chữ hoa/thường	Giữ nguyên từ và qualifier; thống nhất chữ cái đầu viết hoa.	Attribute_value_list	Surface_or_secondary_change
Thuộc tính tổn thương	Bề mặt/biến đổi thứ phát	Giới hạn rõ || giới hạn rõ	Giới hạn rõ	Chỉ chuẩn hóa chữ hoa/thường	Giữ nguyên từ và qualifier; thống nhất chữ cái đầu viết hoa.	Attribute_value_list	Surface_or_secondary_change
Thuộc tính tổn thương	Bề mặt/biến đổi thứ phát	Gồ || gồ	Gồ	Chỉ chuẩn hóa chữ hoa/thường	Giữ nguyên từ và qualifier; thống nhất chữ cái đầu viết hoa.	Attribute_value_list	Surface_or_secondary_change
Thuộc tính tổn thương	Bề mặt/biến đổi thứ phát	Gồ cao || gồ cao	Gồ cao	Chỉ chuẩn hóa chữ hoa/thường	Giữ nguyên từ và qualifier; thống nhất chữ cái đầu viết hoa.	Attribute_value_list	Surface_or_secondary_change
Thuộc tính tổn thương	Bề mặt/biến đổi thứ phát	Hoại tử || hoại tử	Hoại tử	Chỉ chuẩn hóa chữ hoa/thường	Giữ nguyên từ và qualifier; thống nhất chữ cái đầu viết hoa.	Attribute_value_list	Surface_or_secondary_change
Thuộc tính tổn thương	Bề mặt/biến đổi thứ phát	hơi gồ || Hơi gồ	Hơi gồ	Chỉ chuẩn hóa chữ hoa/thường	Giữ nguyên từ và qualifier; thống nhất chữ cái đầu viết hoa.	Attribute_value_list	Surface_or_secondary_change
Thuộc tính tổn thương	Bề mặt/biến đổi thứ phát	Khô || khô	Khô	Chỉ chuẩn hóa chữ hoa/thường	Giữ nguyên từ và qualifier; thống nhất chữ cái đầu viết hoa.	Attribute_value_list	Surface_or_secondary_change
Thuộc tính tổn thương	Bề mặt/biến đổi thứ phát	Khô da || khô da	Khô da	Chỉ chuẩn hóa chữ hoa/thường	Giữ nguyên từ và qualifier; thống nhất chữ cái đầu viết hoa.	Attribute_value_list	Surface_or_secondary_change
Thuộc tính tổn thương	Bề mặt/biến đổi thứ phát	Khô nhẹ || khô nhẹ	Khô nhẹ	Chỉ chuẩn hóa chữ hoa/thường	Giữ nguyên từ và qualifier; thống nhất chữ cái đầu viết hoa.	Attribute_value_list	Surface_or_secondary_change
Thuộc tính tổn thương	Bề mặt/biến đổi thứ phát	khô ráp || Khô ráp	Khô ráp	Chỉ chuẩn hóa chữ hoa/thường	Giữ nguyên từ và qualifier; thống nhất chữ cái đầu viết hoa.	Attribute_value_list	Surface_or_secondary_change
Thuộc tính tổn thương	Bề mặt/biến đổi thứ phát	không đều || Không đều	Không đều	Chỉ chuẩn hóa chữ hoa/thường	Giữ nguyên từ và qualifier; thống nhất chữ cái đầu viết hoa.	Attribute_value_list	Surface_or_secondary_change
Thuộc tính tổn thương	Bề mặt/biến đổi thứ phát	Không đồng đều || không đồng đều	Không đồng đều	Chỉ chuẩn hóa chữ hoa/thường	Giữ nguyên từ và qualifier; thống nhất chữ cái đầu viết hoa.	Attribute_value_list	Surface_or_secondary_change
Thuộc tính tổn thương	Bề mặt/biến đổi thứ phát	lichen hóa || Lichen hóa	Lichen hóa	Chỉ chuẩn hóa chữ hoa/thường	Giữ nguyên từ và qualifier; thống nhất chữ cái đầu viết hoa.	Attribute_value_list	Surface_or_secondary_change
Thuộc tính tổn thương	Bề mặt/biến đổi thứ phát	Loang lổ || loang lổ	Loang lổ	Chỉ chuẩn hóa chữ hoa/thường	Giữ nguyên từ và qualifier; thống nhất chữ cái đầu viết hoa.	Attribute_value_list	Surface_or_secondary_change
Thuộc tính tổn thương	Bề mặt/biến đổi thứ phát	loét || Loét	Loét	Chỉ chuẩn hóa chữ hoa/thường	Giữ nguyên từ và qualifier; thống nhất chữ cái đầu viết hoa.	Attribute_value_list	Surface_or_secondary_change
Thuộc tính tổn thương	Bề mặt/biến đổi thứ phát	Loét trợt || loét trợt	Loét trợt	Chỉ chuẩn hóa chữ hoa/thường	Giữ nguyên từ và qualifier; thống nhất chữ cái đầu viết hoa.	Attribute_value_list	Surface_or_secondary_change
Thuộc tính tổn thương	Bề mặt/biến đổi thứ phát	Lõm giữa || lõm giữa	Lõm giữa	Chỉ chuẩn hóa chữ hoa/thường	Giữ nguyên từ và qualifier; thống nhất chữ cái đầu viết hoa.	Attribute_value_list	Surface_or_secondary_change
Thuộc tính tổn thương	Bề mặt/biến đổi thứ phát	Lõm nhẹ || lõm nhẹ	Lõm nhẹ	Chỉ chuẩn hóa chữ hoa/thường	Giữ nguyên từ và qualifier; thống nhất chữ cái đầu viết hoa.	Attribute_value_list	Surface_or_secondary_change
Thuộc tính tổn thương	Bề mặt/biến đổi thứ phát	Lõm sẹo || lõm sẹo	Lõm sẹo	Chỉ chuẩn hóa chữ hoa/thường	Giữ nguyên từ và qualifier; thống nhất chữ cái đầu viết hoa.	Attribute_value_list	Surface_or_secondary_change
Thuộc tính tổn thương	Bề mặt/biến đổi thứ phát	Da macerê || Macer hóa || Mềm hóa do ẩm	Mềm hóa do ẩm	Cần duyệt trước	Đề xuất một cách gọi tiếng Việt; giữ các qualifier mức độ như nhẹ hoặc ít.	Attribute_value_list	Surface_or_secondary_change
Thuộc tính tổn thương	Bề mặt/biến đổi thứ phát	Mờ || mờ	Mờ	Chỉ chuẩn hóa chữ hoa/thường	Giữ nguyên từ và qualifier; thống nhất chữ cái đầu viết hoa.	Attribute_value_list	Surface_or_secondary_change
Thuộc tính tổn thương	Bề mặt/biến đổi thứ phát	nang lông || Nang lông	Nang lông	Chỉ chuẩn hóa chữ hoa/thường	Giữ nguyên từ và qualifier; thống nhất chữ cái đầu viết hoa.	Attribute_value_list	Surface_or_secondary_change
Thuộc tính tổn thương	Bề mặt/biến đổi thứ phát	nhiều giai đoạn || Nhiều giai đoạn	Nhiều giai đoạn	Chỉ chuẩn hóa chữ hoa/thường	Giữ nguyên từ và qualifier; thống nhất chữ cái đầu viết hoa.	Attribute_value_list	Surface_or_secondary_change
Thuộc tính tổn thương	Bề mặt/biến đổi thứ phát	Nhô cao || nhô cao	Nhô cao	Chỉ chuẩn hóa chữ hoa/thường	Giữ nguyên từ và qualifier; thống nhất chữ cái đầu viết hoa.	Attribute_value_list	Surface_or_secondary_change
Thuộc tính tổn thương	Bề mặt/biến đổi thứ phát	Nhẵn || nhẵn	Nhẵn	Chỉ chuẩn hóa chữ hoa/thường	Giữ nguyên từ và qualifier; thống nhất chữ cái đầu viết hoa.	Attribute_value_list	Surface_or_secondary_change
Thuộc tính tổn thương	Bề mặt/biến đổi thứ phát	Nhẵn bóng || nhẵn bóng	Nhẵn bóng	Chỉ chuẩn hóa chữ hoa/thường	Giữ nguyên từ và qualifier; thống nhất chữ cái đầu viết hoa.	Attribute_value_list	Surface_or_secondary_change
Thuộc tính tổn thương	Bề mặt/biến đổi thứ phát	Nhỏ || nhỏ	Nhỏ	Chỉ chuẩn hóa chữ hoa/thường	Giữ nguyên từ và qualifier; thống nhất chữ cái đầu viết hoa.	Attribute_value_list	Surface_or_secondary_change
Thuộc tính tổn thương	Bề mặt/biến đổi thứ phát	Nếp da nổi || nếp da nổi	Nếp da nổi	Chỉ chuẩn hóa chữ hoa/thường	Giữ nguyên từ và qualifier; thống nhất chữ cái đầu viết hoa.	Attribute_value_list	Surface_or_secondary_change
Thuộc tính tổn thương	Bề mặt/biến đổi thứ phát	nếp da nổi rõ || Nếp da nổi rõ	Nếp da nổi rõ	Chỉ chuẩn hóa chữ hoa/thường	Giữ nguyên từ và qualifier; thống nhất chữ cái đầu viết hoa.	Attribute_value_list	Surface_or_secondary_change
Thuộc tính tổn thương	Bề mặt/biến đổi thứ phát	Nền hồng ban || nền hồng ban	Nền hồng ban	Chỉ chuẩn hóa chữ hoa/thường	Giữ nguyên từ và qualifier; thống nhất chữ cái đầu viết hoa.	Attribute_value_list	Surface_or_secondary_change
Thuộc tính tổn thương	Bề mặt/biến đổi thứ phát	Nổi cao || nổi cao	Nổi cao	Chỉ chuẩn hóa chữ hoa/thường	Giữ nguyên từ và qualifier; thống nhất chữ cái đầu viết hoa.	Attribute_value_list	Surface_or_secondary_change
Thuộc tính tổn thương	Bề mặt/biến đổi thứ phát	Nứt || Vết nứt	Nứt	Cần duyệt trước	Giữ riêng nứt da, nứt kẽ, nứt móng và các qualifier khác.	Attribute_value_list	Surface_or_secondary_change
Thuộc tính tổn thương	Bề mặt/biến đổi thứ phát	Nứt dọc || nứt dọc	Nứt dọc	Chỉ chuẩn hóa chữ hoa/thường	Giữ nguyên từ và qualifier; thống nhất chữ cái đầu viết hoa.	Attribute_value_list	Surface_or_secondary_change
Thuộc tính tổn thương	Bề mặt/biến đổi thứ phát	nứt nông || Nứt nông	Nứt nông	Chỉ chuẩn hóa chữ hoa/thường	Giữ nguyên từ và qualifier; thống nhất chữ cái đầu viết hoa.	Attribute_value_list	Surface_or_secondary_change
Thuộc tính tổn thương	Bề mặt/biến đổi thứ phát	Nứt nẻ || nứt nẻ	Nứt nẻ	Chỉ chuẩn hóa chữ hoa/thường	Giữ nguyên từ và qualifier; thống nhất chữ cái đầu viết hoa.	Attribute_value_list	Surface_or_secondary_change
Thuộc tính tổn thương	Bề mặt/biến đổi thứ phát	nứt rãnh || Nứt rãnh	Nứt rãnh	Chỉ chuẩn hóa chữ hoa/thường	Giữ nguyên từ và qualifier; thống nhất chữ cái đầu viết hoa.	Attribute_value_list	Surface_or_secondary_change
Thuộc tính tổn thương	Bề mặt/biến đổi thứ phát	Phù mi || Phù mi mắt	Phù mi mắt	Chuẩn hóa gần trùng	Cùng vị trí giải phẫu; dùng dạng đầy đủ Phù mi mắt.	Attribute_value_list	Surface_or_secondary_change
Thuộc tính tổn thương	Bề mặt/biến đổi thứ phát	Phù nhẹ || phù nhẹ	Phù nhẹ	Chỉ chuẩn hóa chữ hoa/thường	Giữ nguyên từ và qualifier; thống nhất chữ cái đầu viết hoa.	Attribute_value_list	Surface_or_secondary_change
Thuộc tính tổn thương	Bề mặt/biến đổi thứ phát	Phù nề || phù nề || Sưng nề || sưng nề	Phù nề	Cần duyệt trước	Có thể là cách gọi đồng nghĩa; giữ riêng sưng theo vị trí hoặc mức độ.	Attribute_value_list	Surface_or_secondary_change
Thuộc tính tổn thương	Bề mặt/biến đổi thứ phát	phù nề rõ || Phù nề rõ	Phù nề rõ	Chỉ chuẩn hóa chữ hoa/thường	Giữ nguyên từ và qualifier; thống nhất chữ cái đầu viết hoa.	Attribute_value_list	Surface_or_secondary_change
Thuộc tính tổn thương	Bề mặt/biến đổi thứ phát	Phẳng || phẳng	Phẳng	Chỉ chuẩn hóa chữ hoa/thường	Giữ nguyên từ và qualifier; thống nhất chữ cái đầu viết hoa.	Attribute_value_list	Surface_or_secondary_change
Thuộc tính tổn thương	Bề mặt/biến đổi thứ phát	Quầng đỏ || quầng đỏ	Quầng đỏ	Chỉ chuẩn hóa chữ hoa/thường	Giữ nguyên từ và qualifier; thống nhất chữ cái đầu viết hoa.	Attribute_value_list	Surface_or_secondary_change
Thuộc tính tổn thương	Bề mặt/biến đổi thứ phát	quầng đỏ mờ || Quầng đỏ mờ	Quầng đỏ mờ	Chỉ chuẩn hóa chữ hoa/thường	Giữ nguyên từ và qualifier; thống nhất chữ cái đầu viết hoa.	Attribute_value_list	Surface_or_secondary_change
Thuộc tính tổn thương	Bề mặt/biến đổi thứ phát	Ranh giới rõ || ranh giới rõ	Ranh giới rõ	Chỉ chuẩn hóa chữ hoa/thường	Giữ nguyên từ và qualifier; thống nhất chữ cái đầu viết hoa.	Attribute_value_list	Surface_or_secondary_change
Thuộc tính tổn thương	Bề mặt/biến đổi thứ phát	ranh rõ || Ranh rõ	Ranh rõ	Chỉ chuẩn hóa chữ hoa/thường	Giữ nguyên từ và qualifier; thống nhất chữ cái đầu viết hoa.	Attribute_value_list	Surface_or_secondary_change
Thuộc tính tổn thương	Bề mặt/biến đổi thứ phát	Rãnh dọc || rãnh dọc	Rãnh dọc	Chỉ chuẩn hóa chữ hoa/thường	Giữ nguyên từ và qualifier; thống nhất chữ cái đầu viết hoa.	Attribute_value_list	Surface_or_secondary_change
Thuộc tính tổn thương	Bề mặt/biến đổi thứ phát	rãnh ngang || Rãnh ngang	Rãnh ngang	Chỉ chuẩn hóa chữ hoa/thường	Giữ nguyên từ và qualifier; thống nhất chữ cái đầu viết hoa.	Attribute_value_list	Surface_or_secondary_change
Thuộc tính tổn thương	Bề mặt/biến đổi thứ phát	Rỉ dịch || rỉ dịch	Rỉ dịch	Chỉ chuẩn hóa chữ hoa/thường	Giữ nguyên từ và qualifier; thống nhất chữ cái đầu viết hoa.	Attribute_value_list	Surface_or_secondary_change
Thuộc tính tổn thương	Bề mặt/biến đổi thứ phát	Rỉ dịch khô || rỉ dịch khô	Rỉ dịch khô	Chỉ chuẩn hóa chữ hoa/thường	Giữ nguyên từ và qualifier; thống nhất chữ cái đầu viết hoa.	Attribute_value_list	Surface_or_secondary_change
Thuộc tính tổn thương	Bề mặt/biến đổi thứ phát	Sung huyết || sung huyết	Sung huyết	Chỉ chuẩn hóa chữ hoa/thường	Giữ nguyên từ và qualifier; thống nhất chữ cái đầu viết hoa.	Attribute_value_list	Surface_or_secondary_change
Thuộc tính tổn thương	Bề mặt/biến đổi thứ phát	sùi || Sùi	Sùi	Chỉ chuẩn hóa chữ hoa/thường	Giữ nguyên từ và qualifier; thống nhất chữ cái đầu viết hoa.	Attribute_value_list	Surface_or_secondary_change
Thuộc tính tổn thương	Bề mặt/biến đổi thứ phát	sưng nhẹ || Sưng nhẹ	Sưng nhẹ	Chỉ chuẩn hóa chữ hoa/thường	Giữ nguyên từ và qualifier; thống nhất chữ cái đầu viết hoa.	Attribute_value_list	Surface_or_secondary_change
Thuộc tính tổn thương	Bề mặt/biến đổi thứ phát	sần || Sần	Sần	Chỉ chuẩn hóa chữ hoa/thường	Giữ nguyên từ và qualifier; thống nhất chữ cái đầu viết hoa.	Attribute_value_list	Surface_or_secondary_change
Thuộc tính tổn thương	Bề mặt/biến đổi thứ phát	Sần ráp || sần ráp	Sần ráp	Chỉ chuẩn hóa chữ hoa/thường	Giữ nguyên từ và qualifier; thống nhất chữ cái đầu viết hoa.	Attribute_value_list	Surface_or_secondary_change
Thuộc tính tổn thương	Bề mặt/biến đổi thứ phát	Sần sùi || sần sùi	Sần sùi	Chỉ chuẩn hóa chữ hoa/thường	Giữ nguyên từ và qualifier; thống nhất chữ cái đầu viết hoa.	Attribute_value_list	Surface_or_secondary_change
Thuộc tính tổn thương	Bề mặt/biến đổi thứ phát	sẹo lõm || Sẹo lõm	Sẹo lõm	Chỉ chuẩn hóa chữ hoa/thường	Giữ nguyên từ và qualifier; thống nhất chữ cái đầu viết hoa.	Attribute_value_list	Surface_or_secondary_change
Thuộc tính tổn thương	Bề mặt/biến đổi thứ phát	sừng hóa || Sừng hóa	Sừng hóa	Chỉ chuẩn hóa chữ hoa/thường	Giữ nguyên từ và qualifier; thống nhất chữ cái đầu viết hoa.	Attribute_value_list	Surface_or_secondary_change
Thuộc tính tổn thương	Bề mặt/biến đổi thứ phát	Teo da || teo da	Teo da	Chỉ chuẩn hóa chữ hoa/thường	Giữ nguyên từ và qualifier; thống nhất chữ cái đầu viết hoa.	Attribute_value_list	Surface_or_secondary_change
Thuộc tính tổn thương	Bề mặt/biến đổi thứ phát	teo nhẹ || Teo nhẹ	Teo nhẹ	Chỉ chuẩn hóa chữ hoa/thường	Giữ nguyên từ và qualifier; thống nhất chữ cái đầu viết hoa.	Attribute_value_list	Surface_or_secondary_change
Thuộc tính tổn thương	Bề mặt/biến đổi thứ phát	Thâm nhiễm || thâm nhiễm	Thâm nhiễm	Chỉ chuẩn hóa chữ hoa/thường	Giữ nguyên từ và qualifier; thống nhất chữ cái đầu viết hoa.	Attribute_value_list	Surface_or_secondary_change
Thuộc tính tổn thương	Bề mặt/biến đổi thứ phát	Thô ráp || thô ráp	Thô ráp	Chỉ chuẩn hóa chữ hoa/thường	Giữ nguyên từ và qualifier; thống nhất chữ cái đầu viết hoa.	Attribute_value_list	Surface_or_secondary_change
Thuộc tính tổn thương	Bề mặt/biến đổi thứ phát	Trung tâm lành || trung tâm lành	Trung tâm lành	Chỉ chuẩn hóa chữ hoa/thường	Giữ nguyên từ và qualifier; thống nhất chữ cái đầu viết hoa.	Attribute_value_list	Surface_or_secondary_change
Thuộc tính tổn thương	Bề mặt/biến đổi thứ phát	trung tâm nhạt || Trung tâm nhạt	Trung tâm nhạt	Chỉ chuẩn hóa chữ hoa/thường	Giữ nguyên từ và qualifier; thống nhất chữ cái đầu viết hoa.	Attribute_value_list	Surface_or_secondary_change
Thuộc tính tổn thương	Bề mặt/biến đổi thứ phát	Trung tâm nhạt màu || trung tâm nhạt màu	Trung tâm nhạt màu	Chỉ chuẩn hóa chữ hoa/thường	Giữ nguyên từ và qualifier; thống nhất chữ cái đầu viết hoa.	Attribute_value_list	Surface_or_secondary_change
Thuộc tính tổn thương	Bề mặt/biến đổi thứ phát	Trung tâm sẫm || trung tâm sẫm	Trung tâm sẫm	Chỉ chuẩn hóa chữ hoa/thường	Giữ nguyên từ và qualifier; thống nhất chữ cái đầu viết hoa.	Attribute_value_list	Surface_or_secondary_change
Thuộc tính tổn thương	Bề mặt/biến đổi thứ phát	Trơn láng || trơn láng	Trơn láng	Chỉ chuẩn hóa chữ hoa/thường	Giữ nguyên từ và qualifier; thống nhất chữ cái đầu viết hoa.	Attribute_value_list	Surface_or_secondary_change
Thuộc tính tổn thương	Bề mặt/biến đổi thứ phát	Trầy xước || trầy xước	Trầy xước	Chỉ chuẩn hóa chữ hoa/thường	Giữ nguyên từ và qualifier; thống nhất chữ cái đầu viết hoa.	Attribute_value_list	Surface_or_secondary_change
Thuộc tính tổn thương	Bề mặt/biến đổi thứ phát	Trợt || trợt || Trợt da || Vết trợt	Trợt	Cần duyệt trước	Giữ riêng trợt nông, trợt niêm mạc và trợt loét.	Attribute_value_list	Surface_or_secondary_change
Thuộc tính tổn thương	Bề mặt/biến đổi thứ phát	trợt da nhỏ || Trợt da nhỏ	Trợt da nhỏ	Chỉ chuẩn hóa chữ hoa/thường	Giữ nguyên từ và qualifier; thống nhất chữ cái đầu viết hoa.	Attribute_value_list	Surface_or_secondary_change
Thuộc tính tổn thương	Bề mặt/biến đổi thứ phát	trợt gãi || Trợt gãi	Trợt gãi	Chỉ chuẩn hóa chữ hoa/thường	Giữ nguyên từ và qualifier; thống nhất chữ cái đầu viết hoa.	Attribute_value_list	Surface_or_secondary_change
Thuộc tính tổn thương	Bề mặt/biến đổi thứ phát	Trợt loét || trợt loét	Trợt loét	Chỉ chuẩn hóa chữ hoa/thường	Giữ nguyên từ và qualifier; thống nhất chữ cái đầu viết hoa.	Attribute_value_list	Surface_or_secondary_change
Thuộc tính tổn thương	Bề mặt/biến đổi thứ phát	trợt nhẹ || Trợt nhẹ	Trợt nhẹ	Chỉ chuẩn hóa chữ hoa/thường	Giữ nguyên từ và qualifier; thống nhất chữ cái đầu viết hoa.	Attribute_value_list	Surface_or_secondary_change
Thuộc tính tổn thương	Bề mặt/biến đổi thứ phát	Trợt nông || trợt nông	Trợt nông	Chỉ chuẩn hóa chữ hoa/thường	Giữ nguyên từ và qualifier; thống nhất chữ cái đầu viết hoa.	Attribute_value_list	Surface_or_secondary_change
Thuộc tính tổn thương	Bề mặt/biến đổi thứ phát	tách móng || Tách móng	Tách móng	Chỉ chuẩn hóa chữ hoa/thường	Giữ nguyên từ và qualifier; thống nhất chữ cái đầu viết hoa.	Attribute_value_list	Surface_or_secondary_change
Thuộc tính tổn thương	Bề mặt/biến đổi thứ phát	Tăng sắc tố || tăng sắc tố	Tăng sắc tố	Chỉ chuẩn hóa chữ hoa/thường	Giữ nguyên từ và qualifier; thống nhất chữ cái đầu viết hoa.	Attribute_value_list	Surface_or_secondary_change
Thuộc tính tổn thương	Bề mặt/biến đổi thứ phát	tăng sắc tố quanh tổn thương || Tăng sắc tố quanh tổn thương	Tăng sắc tố quanh tổn thương	Chỉ chuẩn hóa chữ hoa/thường	Giữ nguyên từ và qualifier; thống nhất chữ cái đầu viết hoa.	Attribute_value_list	Surface_or_secondary_change
Thuộc tính tổn thương	Bề mặt/biến đổi thứ phát	Tăng sừng || tăng sừng	Tăng sừng	Chỉ chuẩn hóa chữ hoa/thường	Giữ nguyên từ và qualifier; thống nhất chữ cái đầu viết hoa.	Attribute_value_list	Surface_or_secondary_change
Thuộc tính tổn thương	Bề mặt/biến đổi thứ phát	Viêm || viêm	Viêm	Chỉ chuẩn hóa chữ hoa/thường	Giữ nguyên từ và qualifier; thống nhất chữ cái đầu viết hoa.	Attribute_value_list	Surface_or_secondary_change
Thuộc tính tổn thương	Bề mặt/biến đổi thứ phát	viêm quanh || Viêm quanh	Viêm quanh	Chỉ chuẩn hóa chữ hoa/thường	Giữ nguyên từ và qualifier; thống nhất chữ cái đầu viết hoa.	Attribute_value_list	Surface_or_secondary_change
Thuộc tính tổn thương	Bề mặt/biến đổi thứ phát	Viêm đỏ || viêm đỏ	Viêm đỏ	Chỉ chuẩn hóa chữ hoa/thường	Giữ nguyên từ và qualifier; thống nhất chữ cái đầu viết hoa.	Attribute_value_list	Surface_or_secondary_change
Thuộc tính tổn thương	Bề mặt/biến đổi thứ phát	Viền mờ || viền mờ	Viền mờ	Chỉ chuẩn hóa chữ hoa/thường	Giữ nguyên từ và qualifier; thống nhất chữ cái đầu viết hoa.	Attribute_value_list	Surface_or_secondary_change
Thuộc tính tổn thương	Bề mặt/biến đổi thứ phát	Vân da nổi || vân da nổi	Vân da nổi	Chỉ chuẩn hóa chữ hoa/thường	Giữ nguyên từ và qualifier; thống nhất chữ cái đầu viết hoa.	Attribute_value_list	Surface_or_secondary_change
Thuộc tính tổn thương	Bề mặt/biến đổi thứ phát	Vảy || vảy	Vảy	Chỉ chuẩn hóa chữ hoa/thường	Giữ nguyên từ và qualifier; thống nhất chữ cái đầu viết hoa.	Attribute_value_list	Surface_or_secondary_change
Thuộc tính tổn thương	Bề mặt/biến đổi thứ phát	vảy dày || Vảy dày	Vảy dày	Chỉ chuẩn hóa chữ hoa/thường	Giữ nguyên từ và qualifier; thống nhất chữ cái đầu viết hoa.	Attribute_value_list	Surface_or_secondary_change
Thuộc tính tổn thương	Bề mặt/biến đổi thứ phát	vảy khô || Vảy khô	Vảy khô	Chỉ chuẩn hóa chữ hoa/thường	Giữ nguyên từ và qualifier; thống nhất chữ cái đầu viết hoa.	Attribute_value_list	Surface_or_secondary_change
Thuộc tính tổn thương	Bề mặt/biến đổi thứ phát	Vảy mịn || vảy mịn	Vảy mịn	Chỉ chuẩn hóa chữ hoa/thường	Giữ nguyên từ và qualifier; thống nhất chữ cái đầu viết hoa.	Attribute_value_list	Surface_or_secondary_change
Thuộc tính tổn thương	Bề mặt/biến đổi thứ phát	Vảy da mỏng || Vảy mỏng || vảy mỏng	Vảy mỏng	Cần duyệt trước	Gần nghĩa; xác nhận từ Da không mang thêm thông tin trong câu nguồn.	Attribute_value_list	Surface_or_secondary_change
Thuộc tính tổn thương	Bề mặt/biến đổi thứ phát	Vảy rìa || Vảy ở rìa	Vảy rìa	Chuẩn hóa gần trùng	Cùng mô tả vảy nằm ở rìa tổn thương.	Attribute_value_list	Surface_or_secondary_change
Thuộc tính tổn thương	Bề mặt/biến đổi thứ phát	Vảy tiết || vảy tiết	Vảy tiết	Chỉ chuẩn hóa chữ hoa/thường	Giữ nguyên từ và qualifier; thống nhất chữ cái đầu viết hoa.	Attribute_value_list	Surface_or_secondary_change
Thuộc tính tổn thương	Bề mặt/biến đổi thứ phát	Vảy tiết dày || vảy tiết dày	Vảy tiết dày	Chỉ chuẩn hóa chữ hoa/thường	Giữ nguyên từ và qualifier; thống nhất chữ cái đầu viết hoa.	Attribute_value_list	Surface_or_secondary_change
Thuộc tính tổn thương	Bề mặt/biến đổi thứ phát	Vảy tiết máu || vảy tiết máu	Vảy tiết máu	Chỉ chuẩn hóa chữ hoa/thường	Giữ nguyên từ và qualifier; thống nhất chữ cái đầu viết hoa.	Attribute_value_list	Surface_or_secondary_change
Thuộc tính tổn thương	Bề mặt/biến đổi thứ phát	Vảy tiết mỏng || vảy tiết mỏng	Vảy tiết mỏng	Chỉ chuẩn hóa chữ hoa/thường	Giữ nguyên từ và qualifier; thống nhất chữ cái đầu viết hoa.	Attribute_value_list	Surface_or_secondary_change
Thuộc tính tổn thương	Bề mặt/biến đổi thứ phát	Vảy tiết nhỏ || vảy tiết nhỏ	Vảy tiết nhỏ	Chỉ chuẩn hóa chữ hoa/thường	Giữ nguyên từ và qualifier; thống nhất chữ cái đầu viết hoa.	Attribute_value_list	Surface_or_secondary_change
Thuộc tính tổn thương	Bề mặt/biến đổi thứ phát	vảy tiết đen || Vảy tiết đen	Vảy tiết đen	Chỉ chuẩn hóa chữ hoa/thường	Giữ nguyên từ và qualifier; thống nhất chữ cái đầu viết hoa.	Attribute_value_list	Surface_or_secondary_change
Thuộc tính tổn thương	Bề mặt/biến đổi thứ phát	Vảy trắng bạc || vảy trắng bạc	Vảy trắng bạc	Chỉ chuẩn hóa chữ hoa/thường	Giữ nguyên từ và qualifier; thống nhất chữ cái đầu viết hoa.	Attribute_value_list	Surface_or_secondary_change
Thuộc tính tổn thương	Bề mặt/biến đổi thứ phát	vết trợt nhỏ || Vết trợt nhỏ	Vết trợt nhỏ	Chỉ chuẩn hóa chữ hoa/thường	Giữ nguyên từ và qualifier; thống nhất chữ cái đầu viết hoa.	Attribute_value_list	Surface_or_secondary_change
Thuộc tính tổn thương	Bề mặt/biến đổi thứ phát	Vụn móng || vụn móng	Vụn móng	Chỉ chuẩn hóa chữ hoa/thường	Giữ nguyên từ và qualifier; thống nhất chữ cái đầu viết hoa.	Attribute_value_list	Surface_or_secondary_change
Thuộc tính tổn thương	Bề mặt/biến đổi thứ phát	vụn sừng || Vụn sừng	Vụn sừng	Chỉ chuẩn hóa chữ hoa/thường	Giữ nguyên từ và qualifier; thống nhất chữ cái đầu viết hoa.	Attribute_value_list	Surface_or_secondary_change
Thuộc tính tổn thương	Bề mặt/biến đổi thứ phát	xơ cứng || Xơ cứng	Xơ cứng	Chỉ chuẩn hóa chữ hoa/thường	Giữ nguyên từ và qualifier; thống nhất chữ cái đầu viết hoa.	Attribute_value_list	Surface_or_secondary_change
Thuộc tính tổn thương	Bề mặt/biến đổi thứ phát	Ít vảy || ít vảy	Ít vảy	Chỉ chuẩn hóa chữ hoa/thường	Giữ nguyên từ và qualifier; thống nhất chữ cái đầu viết hoa.	Attribute_value_list	Surface_or_secondary_change
Thuộc tính tổn thương	Bề mặt/biến đổi thứ phát	ít ổ || Ít ổ	Ít ổ	Chỉ chuẩn hóa chữ hoa/thường	Giữ nguyên từ và qualifier; thống nhất chữ cái đầu viết hoa.	Attribute_value_list	Surface_or_secondary_change
Thuộc tính tổn thương	Bề mặt/biến đổi thứ phát	Đa dạng || đa dạng	Đa dạng	Chỉ chuẩn hóa chữ hoa/thường	Giữ nguyên từ và qualifier; thống nhất chữ cái đầu viết hoa.	Attribute_value_list	Surface_or_secondary_change
Thuộc tính tổn thương	Bề mặt/biến đổi thứ phát	Đa kích thước || đa kích thước	Đa kích thước	Chỉ chuẩn hóa chữ hoa/thường	Giữ nguyên từ và qualifier; thống nhất chữ cái đầu viết hoa.	Attribute_value_list	Surface_or_secondary_change
Thuộc tính tổn thương	Bề mặt/biến đổi thứ phát	Đóng vảy || đóng vảy	Đóng vảy	Chỉ chuẩn hóa chữ hoa/thường	Giữ nguyên từ và qualifier; thống nhất chữ cái đầu viết hoa.	Attribute_value_list	Surface_or_secondary_change
Thuộc tính tổn thương	Bề mặt/biến đổi thứ phát	Đồng đều || đồng đều	Đồng đều	Chỉ chuẩn hóa chữ hoa/thường	Giữ nguyên từ và qualifier; thống nhất chữ cái đầu viết hoa.	Attribute_value_list	Surface_or_secondary_change
Thuộc tính tổn thương	Bề mặt/biến đổi thứ phát	ướt trợt || Ướt trợt	Ướt trợt	Chỉ chuẩn hóa chữ hoa/thường	Giữ nguyên từ và qualifier; thống nhất chữ cái đầu viết hoa.	Attribute_value_list	Surface_or_secondary_change
Thuộc tính tổn thương	Bề mặt/biến đổi thứ phát	Ẩm || ẩm	Ẩm	Chỉ chuẩn hóa chữ hoa/thường	Giữ nguyên từ và qualifier; thống nhất chữ cái đầu viết hoa.	Attribute_value_list	Surface_or_secondary_change
Thuộc tính tổn thương	Bề mặt/biến đổi thứ phát	Ẩm ướt || ẩm ướt	Ẩm ướt	Chỉ chuẩn hóa chữ hoa/thường	Giữ nguyên từ và qualifier; thống nhất chữ cái đầu viết hoa.	Attribute_value_list	Surface_or_secondary_change
Vị trí cơ thể	Vùng cơ thể	bao quy đầu || Bao quy đầu	Bao quy đầu	Chỉ chuẩn hóa chữ hoa/thường	Giữ nguyên từ và qualifier; thống nhất chữ cái đầu viết hoa.	Body_region	Body region
Vị trí cơ thể	Vùng cơ thể	bàn chân || Bàn chân	Bàn chân	Chỉ chuẩn hóa chữ hoa/thường	Giữ nguyên từ và qualifier; thống nhất chữ cái đầu viết hoa.	Body_region	Body region
Vị trí cơ thể	Vùng cơ thể	bàn tay || Bàn tay	Bàn tay	Chỉ chuẩn hóa chữ hoa/thường	Giữ nguyên từ và qualifier; thống nhất chữ cái đầu viết hoa.	Body_region	Body region
Vị trí cơ thể	Vùng cơ thể	bụng bên || Bụng bên	Bụng bên	Chỉ chuẩn hóa chữ hoa/thường	Giữ nguyên từ và qualifier; thống nhất chữ cái đầu viết hoa.	Body_region	Body region
Vị trí cơ thể	Vùng cơ thể	Bụng dưới || Vùng bụng dưới	Bụng dưới	Chuẩn hóa gần trùng	Bỏ tiền tố Vùng nếu câu nguồn xác nhận đây là cùng vị trí; giữ các từ chỉ mặt, bên, nếp hoặc phạm vi.	Body_region	Body region
Vị trí cơ thể	Vùng cơ thể	Chi || chi	Chi	Chỉ chuẩn hóa chữ hoa/thường	Giữ nguyên từ và qualifier; thống nhất chữ cái đầu viết hoa.	Body_region	Body region
Vị trí cơ thể	Vùng cơ thể	Chi dưới || chi dưới	Chi dưới	Chỉ chuẩn hóa chữ hoa/thường	Giữ nguyên từ và qualifier; thống nhất chữ cái đầu viết hoa.	Body_region	Body region
Vị trí cơ thể	Vùng cơ thể	Chi trên || chi trên	Chi trên	Chỉ chuẩn hóa chữ hoa/thường	Giữ nguyên từ và qualifier; thống nhất chữ cái đầu viết hoa.	Body_region	Body region
Vị trí cơ thể	Vùng cơ thể	chân tóc || Chân tóc || Vùng chân tóc	Chân tóc	Chuẩn hóa gần trùng	Bỏ tiền tố Vùng nếu câu nguồn xác nhận đây là cùng vị trí; giữ các từ chỉ mặt, bên, nếp hoặc phạm vi.	Body_region	Body region
Vị trí cơ thể	Vùng cơ thể	Các ngón || các ngón	Các ngón	Chỉ chuẩn hóa chữ hoa/thường	Giữ nguyên từ và qualifier; thống nhất chữ cái đầu viết hoa.	Body_region	Body region
Vị trí cơ thể	Vùng cơ thể	cánh mũi || Cánh mũi	Cánh mũi	Chỉ chuẩn hóa chữ hoa/thường	Giữ nguyên từ và qualifier; thống nhất chữ cái đầu viết hoa.	Body_region	Body region
Vị trí cơ thể	Vùng cơ thể	Cánh tay || cánh tay || Vùng cánh tay	Cánh tay	Chuẩn hóa gần trùng	Bỏ tiền tố Vùng nếu câu nguồn xác nhận đây là cùng vị trí; giữ các từ chỉ mặt, bên, nếp hoặc phạm vi.	Body_region	Body region
Vị trí cơ thể	Vùng cơ thể	Cánh tay trên || cánh tay trên	Cánh tay trên	Chỉ chuẩn hóa chữ hoa/thường	Giữ nguyên từ và qualifier; thống nhất chữ cái đầu viết hoa.	Body_region	Body region
Vị trí cơ thể	Vùng cơ thể	Cẳng chân || cẳng chân || Vùng cẳng chân	Cẳng chân	Chuẩn hóa gần trùng	Bỏ tiền tố Vùng nếu câu nguồn xác nhận đây là cùng vị trí; giữ các từ chỉ mặt, bên, nếp hoặc phạm vi.	Body_region	Body region
Vị trí cơ thể	Vùng cơ thể	Cẳng tay || cẳng tay	Cẳng tay	Chỉ chuẩn hóa chữ hoa/thường	Giữ nguyên từ và qualifier; thống nhất chữ cái đầu viết hoa.	Body_region	Body region
Vị trí cơ thể	Vùng cơ thể	Cổ bên || cổ bên || Vùng cổ bên	Cổ bên	Chuẩn hóa gần trùng	Bỏ tiền tố Vùng nếu câu nguồn xác nhận đây là cùng vị trí; giữ các từ chỉ mặt, bên, nếp hoặc phạm vi.	Body_region	Body region
Vị trí cơ thể	Vùng cơ thể	cổ chân || Cổ chân || Vùng cổ chân	Cổ chân	Chuẩn hóa gần trùng	Bỏ tiền tố Vùng nếu câu nguồn xác nhận đây là cùng vị trí; giữ các từ chỉ mặt, bên, nếp hoặc phạm vi.	Body_region	Body region
Vị trí cơ thể	Vùng cơ thể	Cổ gáy || Vùng cổ gáy	Cổ gáy	Chuẩn hóa gần trùng	Bỏ tiền tố Vùng nếu câu nguồn xác nhận đây là cùng vị trí; giữ các từ chỉ mặt, bên, nếp hoặc phạm vi.	Body_region	Body region
Vị trí cơ thể	Vùng cơ thể	Cổ tay || cổ tay	Cổ tay	Chỉ chuẩn hóa chữ hoa/thường	Giữ nguyên từ và qualifier; thống nhất chữ cái đầu viết hoa.	Body_region	Body region
Vị trí cơ thể	Vùng cơ thể	cổ trước || Cổ trước || Vùng cổ trước	Cổ trước	Chuẩn hóa gần trùng	Bỏ tiền tố Vùng nếu câu nguồn xác nhận đây là cùng vị trí; giữ các từ chỉ mặt, bên, nếp hoặc phạm vi.	Body_region	Body region
Vị trí cơ thể	Vùng cơ thể	Da có lông || da có lông	Da có lông	Chỉ chuẩn hóa chữ hoa/thường	Giữ nguyên từ và qualifier; thống nhất chữ cái đầu viết hoa.	Body_region	Body region
Vị trí cơ thể	Vùng cơ thể	Da đầu || da đầu	Da đầu	Chỉ chuẩn hóa chữ hoa/thường	Giữ nguyên từ và qualifier; thống nhất chữ cái đầu viết hoa.	Body_region	Body region
Vị trí cơ thể	Vùng cơ thể	Dái tai || dái tai	Dái tai	Chỉ chuẩn hóa chữ hoa/thường	Giữ nguyên từ và qualifier; thống nhất chữ cái đầu viết hoa.	Body_region	Body region
Vị trí cơ thể	Vùng cơ thể	Dưới mũi || Vùng dưới mũi	Dưới mũi	Chuẩn hóa gần trùng	Bỏ tiền tố Vùng nếu câu nguồn xác nhận đây là cùng vị trí; giữ các từ chỉ mặt, bên, nếp hoặc phạm vi.	Body_region	Body region
Vị trí cơ thể	Vùng cơ thể	Dưới mắt || Vùng dưới mắt	Dưới mắt	Chuẩn hóa gần trùng	Bỏ tiền tố Vùng nếu câu nguồn xác nhận đây là cùng vị trí; giữ các từ chỉ mặt, bên, nếp hoặc phạm vi.	Body_region	Body region
Vị trí cơ thể	Vùng cơ thể	Giữa môi || giữa môi	Giữa môi	Chỉ chuẩn hóa chữ hoa/thường	Giữ nguyên từ và qualifier; thống nhất chữ cái đầu viết hoa.	Body_region	Body region
Vị trí cơ thể	Vùng cơ thể	Giữa ngực || Vùng giữa ngực	Giữa ngực	Chuẩn hóa gần trùng	Bỏ tiền tố Vùng nếu câu nguồn xác nhận đây là cùng vị trí; giữ các từ chỉ mặt, bên, nếp hoặc phạm vi.	Body_region	Body region
Vị trí cơ thể	Vùng cơ thể	gáy || Gáy || Vùng gáy	Gáy	Chuẩn hóa gần trùng	Bỏ tiền tố Vùng nếu câu nguồn xác nhận đây là cùng vị trí; giữ các từ chỉ mặt, bên, nếp hoặc phạm vi.	Body_region	Body region
Vị trí cơ thể	Vùng cơ thể	Gò má || gò má || Vùng gò má	Gò má	Chuẩn hóa gần trùng	Bỏ tiền tố Vùng nếu câu nguồn xác nhận đây là cùng vị trí; giữ các từ chỉ mặt, bên, nếp hoặc phạm vi.	Body_region	Body region
Vị trí cơ thể	Vùng cơ thể	Góc hàm || góc hàm	Góc hàm	Chỉ chuẩn hóa chữ hoa/thường	Giữ nguyên từ và qualifier; thống nhất chữ cái đầu viết hoa.	Body_region	Body region
Vị trí cơ thể	Vùng cơ thể	Góc mắt trong || góc mắt trong	Góc mắt trong	Chỉ chuẩn hóa chữ hoa/thường	Giữ nguyên từ và qualifier; thống nhất chữ cái đầu viết hoa.	Body_region	Body region
Vị trí cơ thể	Vùng cơ thể	Gót chân || gót chân || Vùng gót chân	Gót chân	Chuẩn hóa gần trùng	Bỏ tiền tố Vùng nếu câu nguồn xác nhận đây là cùng vị trí; giữ các từ chỉ mặt, bên, nếp hoặc phạm vi.	Body_region	Body region
Vị trí cơ thể	Vùng cơ thể	gối || Gối || Vùng gối	Gối	Chuẩn hóa gần trùng	Bỏ tiền tố Vùng nếu câu nguồn xác nhận đây là cùng vị trí; giữ các từ chỉ mặt, bên, nếp hoặc phạm vi.	Body_region	Body region
Vị trí cơ thể	Vùng cơ thể	hai bàn chân || Hai bàn chân	Hai bàn chân	Chỉ chuẩn hóa chữ hoa/thường	Giữ nguyên từ và qualifier; thống nhất chữ cái đầu viết hoa.	Body_region	Body region
Vị trí cơ thể	Vùng cơ thể	Hàm || hàm || Vùng hàm	Hàm	Chuẩn hóa gần trùng	Bỏ tiền tố Vùng nếu câu nguồn xác nhận đây là cùng vị trí; giữ các từ chỉ mặt, bên, nếp hoặc phạm vi.	Body_region	Body region
Vị trí cơ thể	Vùng cơ thể	Hông || Vùng hông	Hông	Chuẩn hóa gần trùng	Bỏ tiền tố Vùng nếu câu nguồn xác nhận đây là cùng vị trí; giữ các từ chỉ mặt, bên, nếp hoặc phạm vi.	Body_region	Body region
Vị trí cơ thể	Vùng cơ thể	hậu môn || Hậu môn || Vùng hậu môn	Hậu môn	Chuẩn hóa gần trùng	Bỏ tiền tố Vùng nếu câu nguồn xác nhận đây là cùng vị trí; giữ các từ chỉ mặt, bên, nếp hoặc phạm vi.	Body_region	Body region
Vị trí cơ thể	Vùng cơ thể	Khoeo || Vùng khoeo	Khoeo	Chuẩn hóa gần trùng	Bỏ tiền tố Vùng nếu câu nguồn xác nhận đây là cùng vị trí; giữ các từ chỉ mặt, bên, nếp hoặc phạm vi.	Body_region	Body region
Vị trí cơ thể	Vùng cơ thể	khuỷu || Khuỷu	Khuỷu	Chỉ chuẩn hóa chữ hoa/thường	Giữ nguyên từ và qualifier; thống nhất chữ cái đầu viết hoa.	Body_region	Body region
Vị trí cơ thể	Vùng cơ thể	Khuỷu tay || Vùng khuỷu tay	Khuỷu tay	Chuẩn hóa gần trùng	Bỏ tiền tố Vùng nếu câu nguồn xác nhận đây là cùng vị trí; giữ các từ chỉ mặt, bên, nếp hoặc phạm vi.	Body_region	Body region
Vị trí cơ thể	Vùng cơ thể	khóe miệng || Khóe miệng	Khóe miệng	Chỉ chuẩn hóa chữ hoa/thường	Giữ nguyên từ và qualifier; thống nhất chữ cái đầu viết hoa.	Body_region	Body region
Vị trí cơ thể	Vùng cơ thể	khớp ngón || Khớp ngón	Khớp ngón	Chỉ chuẩn hóa chữ hoa/thường	Giữ nguyên từ và qualifier; thống nhất chữ cái đầu viết hoa.	Body_region	Body region
Vị trí cơ thể	Vùng cơ thể	kẽ ngón || Kẽ ngón	Kẽ ngón	Chỉ chuẩn hóa chữ hoa/thường	Giữ nguyên từ và qualifier; thống nhất chữ cái đầu viết hoa.	Body_region	Body region
Vị trí cơ thể	Vùng cơ thể	kẽ ngón chân || Kẽ ngón chân	Kẽ ngón chân	Chỉ chuẩn hóa chữ hoa/thường	Giữ nguyên từ và qualifier; thống nhất chữ cái đầu viết hoa.	Body_region	Body region
Vị trí cơ thể	Vùng cơ thể	Lòng bàn tay || lòng bàn tay	Lòng bàn tay	Chỉ chuẩn hóa chữ hoa/thường	Giữ nguyên từ và qualifier; thống nhất chữ cái đầu viết hoa.	Body_region	Body region
Vị trí cơ thể	Vùng cơ thể	Lông mày || Vùng lông mày	Lông mày	Chuẩn hóa gần trùng	Bỏ tiền tố Vùng nếu câu nguồn xác nhận đây là cùng vị trí; giữ các từ chỉ mặt, bên, nếp hoặc phạm vi.	Body_region	Body region
Vị trí cơ thể	Vùng cơ thể	lưng || Lưng || Vùng lưng	Lưng	Chuẩn hóa gần trùng	Bỏ tiền tố Vùng nếu câu nguồn xác nhận đây là cùng vị trí; giữ các từ chỉ mặt, bên, nếp hoặc phạm vi.	Body_region	Body region
Vị trí cơ thể	Vùng cơ thể	Lưng dưới || Vùng lưng dưới	Lưng dưới	Chuẩn hóa gần trùng	Bỏ tiền tố Vùng nếu câu nguồn xác nhận đây là cùng vị trí; giữ các từ chỉ mặt, bên, nếp hoặc phạm vi.	Body_region	Body region
Vị trí cơ thể	Vùng cơ thể	Lưng trên || lưng trên || Vùng lưng trên	Lưng trên	Chuẩn hóa gần trùng	Bỏ tiền tố Vùng nếu câu nguồn xác nhận đây là cùng vị trí; giữ các từ chỉ mặt, bên, nếp hoặc phạm vi.	Body_region	Body region
Vị trí cơ thể	Vùng cơ thể	má bên || Má bên	Má bên	Chỉ chuẩn hóa chữ hoa/thường	Giữ nguyên từ và qualifier; thống nhất chữ cái đầu viết hoa.	Body_region	Body region
Vị trí cơ thể	Vùng cơ thể	má dưới || Má dưới	Má dưới	Chỉ chuẩn hóa chữ hoa/thường	Giữ nguyên từ và qualifier; thống nhất chữ cái đầu viết hoa.	Body_region	Body region
Vị trí cơ thể	Vùng cơ thể	má phải || Má phải	Má phải	Chỉ chuẩn hóa chữ hoa/thường	Giữ nguyên từ và qualifier; thống nhất chữ cái đầu viết hoa.	Body_region	Body region
Vị trí cơ thể	Vùng cơ thể	má trên || Má trên	Má trên	Chỉ chuẩn hóa chữ hoa/thường	Giữ nguyên từ và qualifier; thống nhất chữ cái đầu viết hoa.	Body_region	Body region
Vị trí cơ thể	Vùng cơ thể	mép miệng || Mép miệng	Mép miệng	Chỉ chuẩn hóa chữ hoa/thường	Giữ nguyên từ và qualifier; thống nhất chữ cái đầu viết hoa.	Body_region	Body region
Vị trí cơ thể	Vùng cơ thể	Mép môi || mép môi	Mép môi	Chỉ chuẩn hóa chữ hoa/thường	Giữ nguyên từ và qualifier; thống nhất chữ cái đầu viết hoa.	Body_region	Body region
Vị trí cơ thể	Vùng cơ thể	Móng tay || móng tay	Móng tay	Chỉ chuẩn hóa chữ hoa/thường	Giữ nguyên từ và qualifier; thống nhất chữ cái đầu viết hoa.	Body_region	Body region
Vị trí cơ thể	Vùng cơ thể	Mô cái || Vùng mô cái	Mô cái	Chuẩn hóa gần trùng	Bỏ tiền tố Vùng nếu câu nguồn xác nhận đây là cùng vị trí; giữ các từ chỉ mặt, bên, nếp hoặc phạm vi.	Body_region	Body region
Vị trí cơ thể	Vùng cơ thể	Mông || mông || Vùng mông	Mông	Chuẩn hóa gần trùng	Bỏ tiền tố Vùng nếu câu nguồn xác nhận đây là cùng vị trí; giữ các từ chỉ mặt, bên, nếp hoặc phạm vi.	Body_region	Body region
Vị trí cơ thể	Vùng cơ thể	mũi || Mũi || Vùng mũi	Mũi	Chuẩn hóa gần trùng	Bỏ tiền tố Vùng nếu câu nguồn xác nhận đây là cùng vị trí; giữ các từ chỉ mặt, bên, nếp hoặc phạm vi.	Body_region	Body region
Vị trí cơ thể	Vùng cơ thể	Mũi má || mũi má	Mũi má	Chỉ chuẩn hóa chữ hoa/thường	Giữ nguyên từ và qualifier; thống nhất chữ cái đầu viết hoa.	Body_region	Body region
Vị trí cơ thể	Vùng cơ thể	mặt gan || Mặt gan	Mặt gan	Chỉ chuẩn hóa chữ hoa/thường	Giữ nguyên từ và qualifier; thống nhất chữ cái đầu viết hoa.	Body_region	Body region
Vị trí cơ thể	Vùng cơ thể	mặt mu || Mặt mu	Mặt mu	Chỉ chuẩn hóa chữ hoa/thường	Giữ nguyên từ và qualifier; thống nhất chữ cái đầu viết hoa.	Body_region	Body region
Vị trí cơ thể	Vùng cơ thể	Mặt sau đùi || mặt sau đùi	Mặt sau đùi	Chỉ chuẩn hóa chữ hoa/thường	Giữ nguyên từ và qualifier; thống nhất chữ cái đầu viết hoa.	Body_region	Body region
Vị trí cơ thể	Vùng cơ thể	Mặt trong đùi || mặt trong đùi	Mặt trong đùi	Chỉ chuẩn hóa chữ hoa/thường	Giữ nguyên từ và qualifier; thống nhất chữ cái đầu viết hoa.	Body_region	Body region
Vị trí cơ thể	Vùng cơ thể	Ngón chân || ngón chân	Ngón chân	Chỉ chuẩn hóa chữ hoa/thường	Giữ nguyên từ và qualifier; thống nhất chữ cái đầu viết hoa.	Body_region	Body region
Vị trí cơ thể	Vùng cơ thể	Ngón cái || ngón cái	Ngón cái	Chỉ chuẩn hóa chữ hoa/thường	Giữ nguyên từ và qualifier; thống nhất chữ cái đầu viết hoa.	Body_region	Body region
Vị trí cơ thể	Vùng cơ thể	ngón tay || Ngón tay	Ngón tay	Chỉ chuẩn hóa chữ hoa/thường	Giữ nguyên từ và qualifier; thống nhất chữ cái đầu viết hoa.	Body_region	Body region
Vị trí cơ thể	Vùng cơ thể	Ngực bên || ngực bên	Ngực bên	Chỉ chuẩn hóa chữ hoa/thường	Giữ nguyên từ và qualifier; thống nhất chữ cái đầu viết hoa.	Body_region	Body region
Vị trí cơ thể	Vùng cơ thể	ngực trên || Ngực trên || Vùng ngực trên	Ngực trên	Chuẩn hóa gần trùng	Bỏ tiền tố Vùng nếu câu nguồn xác nhận đây là cùng vị trí; giữ các từ chỉ mặt, bên, nếp hoặc phạm vi.	Body_region	Body region
Vị trí cơ thể	Vùng cơ thể	ngực trước || Ngực trước	Ngực trước	Chỉ chuẩn hóa chữ hoa/thường	Giữ nguyên từ và qualifier; thống nhất chữ cái đầu viết hoa.	Body_region	Body region
Vị trí cơ thể	Vùng cơ thể	Niêm mạc || Vùng niêm mạc	Niêm mạc	Cần duyệt trước	Bỏ tiền tố Vùng nếu câu nguồn xác nhận đây là cùng vị trí; giữ các từ chỉ mặt, bên, nếp hoặc phạm vi.	Body_region	Body region
Vị trí cơ thể	Vùng cơ thể	núm vú || Núm vú	Núm vú	Chỉ chuẩn hóa chữ hoa/thường	Giữ nguyên từ và qualifier; thống nhất chữ cái đầu viết hoa.	Body_region	Body region
Vị trí cơ thể	Vùng cơ thể	nếp bẹn || Nếp bẹn || Vùng nếp bẹn	Nếp bẹn	Chuẩn hóa gần trùng	Bỏ tiền tố Vùng nếu câu nguồn xác nhận đây là cùng vị trí; giữ các từ chỉ mặt, bên, nếp hoặc phạm vi.	Body_region	Body region
Vị trí cơ thể	Vùng cơ thể	nếp da || Nếp da	Nếp da	Chỉ chuẩn hóa chữ hoa/thường	Giữ nguyên từ và qualifier; thống nhất chữ cái đầu viết hoa.	Body_region	Body region
Vị trí cơ thể	Vùng cơ thể	Quanh gối || quanh gối	Quanh gối	Chỉ chuẩn hóa chữ hoa/thường	Giữ nguyên từ và qualifier; thống nhất chữ cái đầu viết hoa.	Body_region	Body region
Vị trí cơ thể	Vùng cơ thể	Quanh khớp || quanh khớp	Quanh khớp	Chỉ chuẩn hóa chữ hoa/thường	Giữ nguyên từ và qualifier; thống nhất chữ cái đầu viết hoa.	Body_region	Body region
Vị trí cơ thể	Vùng cơ thể	Quanh lông mày || Vùng quanh lông mày	Quanh lông mày	Chuẩn hóa gần trùng	Bỏ tiền tố Vùng nếu câu nguồn xác nhận đây là cùng vị trí; giữ các từ chỉ mặt, bên, nếp hoặc phạm vi.	Body_region	Body region
Vị trí cơ thể	Vùng cơ thể	quanh mắt cá || Quanh mắt cá	Quanh mắt cá	Chỉ chuẩn hóa chữ hoa/thường	Giữ nguyên từ và qualifier; thống nhất chữ cái đầu viết hoa.	Body_region	Body region
Vị trí cơ thể	Vùng cơ thể	Quanh rốn || quanh rốn	Quanh rốn	Chỉ chuẩn hóa chữ hoa/thường	Giữ nguyên từ và qualifier; thống nhất chữ cái đầu viết hoa.	Body_region	Body region
Vị trí cơ thể	Vùng cơ thể	Quanh tai || vùng quanh tai	Quanh tai	Chuẩn hóa gần trùng	Bỏ tiền tố Vùng nếu câu nguồn xác nhận đây là cùng vị trí; giữ các từ chỉ mặt, bên, nếp hoặc phạm vi.	Body_region	Body region
Vị trí cơ thể	Vùng cơ thể	quy đầu || Quy đầu	Quy đầu	Chỉ chuẩn hóa chữ hoa/thường	Giữ nguyên từ và qualifier; thống nhất chữ cái đầu viết hoa.	Body_region	Body region
Vị trí cơ thể	Vùng cơ thể	Ria mép || Vùng ria mép	Ria mép	Chuẩn hóa gần trùng	Bỏ tiền tố Vùng nếu câu nguồn xác nhận đây là cùng vị trí; giữ các từ chỉ mặt, bên, nếp hoặc phạm vi.	Body_region	Body region
Vị trí cơ thể	Vùng cơ thể	Rãnh liên mông || rãnh liên mông	Rãnh liên mông	Chỉ chuẩn hóa chữ hoa/thường	Giữ nguyên từ và qualifier; thống nhất chữ cái đầu viết hoa.	Body_region	Body region
Vị trí cơ thể	Vùng cơ thể	Rãnh mũi má || rãnh mũi má	Rãnh mũi má	Chỉ chuẩn hóa chữ hoa/thường	Giữ nguyên từ và qualifier; thống nhất chữ cái đầu viết hoa.	Body_region	Body region
Vị trí cơ thể	Vùng cơ thể	rãnh quy đầu || Rãnh quy đầu	Rãnh quy đầu	Chỉ chuẩn hóa chữ hoa/thường	Giữ nguyên từ và qualifier; thống nhất chữ cái đầu viết hoa.	Body_region	Body region
Vị trí cơ thể	Vùng cơ thể	Sống mũi || sống mũi	Sống mũi	Chỉ chuẩn hóa chữ hoa/thường	Giữ nguyên từ và qualifier; thống nhất chữ cái đầu viết hoa.	Body_region	Body region
Vị trí cơ thể	Vùng cơ thể	Tai || Vùng tai	Tai	Chuẩn hóa gần trùng	Bỏ tiền tố Vùng nếu câu nguồn xác nhận đây là cùng vị trí; giữ các từ chỉ mặt, bên, nếp hoặc phạm vi.	Body_region	Body region
Vị trí cơ thể	Vùng cơ thể	tay || Tay	Tay	Chỉ chuẩn hóa chữ hoa/thường	Giữ nguyên từ và qualifier; thống nhất chữ cái đầu viết hoa.	Body_region	Body region
Vị trí cơ thể	Vùng cơ thể	Thắt lưng || Vùng thắt lưng	Thắt lưng	Chuẩn hóa gần trùng	Bỏ tiền tố Vùng nếu câu nguồn xác nhận đây là cùng vị trí; giữ các từ chỉ mặt, bên, nếp hoặc phạm vi.	Body_region	Body region
Vị trí cơ thể	Vùng cơ thể	trán bên || Vùng trán bên	Trán bên	Chuẩn hóa gần trùng	Bỏ tiền tố Vùng nếu câu nguồn xác nhận đây là cùng vị trí; giữ các từ chỉ mặt, bên, nếp hoặc phạm vi.	Body_region	Body region
Vị trí cơ thể	Vùng cơ thể	Trán thái dương || Vùng trán thái dương	Trán thái dương	Chuẩn hóa gần trùng	Bỏ tiền tố Vùng nếu câu nguồn xác nhận đây là cùng vị trí; giữ các từ chỉ mặt, bên, nếp hoặc phạm vi.	Body_region	Body region
Vị trí cơ thể	Vùng cơ thể	Viền môi || viền môi	Viền môi	Chỉ chuẩn hóa chữ hoa/thường	Giữ nguyên từ và qualifier; thống nhất chữ cái đầu viết hoa.	Body_region	Body region
Vị trí cơ thể	Vùng cơ thể	Vùng râu || vùng râu	Vùng râu	Chỉ chuẩn hóa chữ hoa/thường	Giữ nguyên từ và qualifier; thống nhất chữ cái đầu viết hoa.	Body_region	Body region
Vị trí cơ thể	Vùng cơ thể	Vùng đùi || Đùi || đùi	Đùi	Chuẩn hóa gần trùng	Bỏ tiền tố Vùng nếu câu nguồn xác nhận đây là cùng vị trí; giữ các từ chỉ mặt, bên, nếp hoặc phạm vi.	Body_region	Body region
Vị trí cơ thể	Vùng cơ thể	đường chân tóc || Đường chân tóc	Đường chân tóc	Chỉ chuẩn hóa chữ hoa/thường	Giữ nguyên từ và qualifier; thống nhất chữ cái đầu viết hoa.	Body_region	Body region
Vị trí cơ thể	Vùng cơ thể	Vùng đầu gối || Đầu gối	Đầu gối	Chuẩn hóa gần trùng	Bỏ tiền tố Vùng nếu câu nguồn xác nhận đây là cùng vị trí; giữ các từ chỉ mặt, bên, nếp hoặc phạm vi.	Body_region	Body region
Vị trí cơ thể	Vùng cơ thể	Đầu ngón || đầu ngón	Đầu ngón	Chỉ chuẩn hóa chữ hoa/thường	Giữ nguyên từ và qualifier; thống nhất chữ cái đầu viết hoa.	Body_region	Body region
Vị trí cơ thể	Vùng cơ thể	Đầu ngón chân || đầu ngón chân	Đầu ngón chân	Chỉ chuẩn hóa chữ hoa/thường	Giữ nguyên từ và qualifier; thống nhất chữ cái đầu viết hoa.	Body_region	Body region
Kiểu phân bố	Phân bố dạng vòng	Thành vòng || Vòng || Xếp thành vòng	Thành vòng	Cần duyệt trước	Cùng mô tả tổn thương sắp thành vòng; giữ riêng Ngoại vi thành vòng và Đồng tâm.	Distribution_pattern	Annular_or_circular_arrangement
Kiểu phân bố	Mặt cơ thể	Mặt bên || mặt bên	Mặt bên	Chỉ chuẩn hóa chữ hoa/thường	Giữ nguyên từ và qualifier; thống nhất chữ cái đầu viết hoa.	Distribution_pattern	Body_surface_orientation
Kiểu phân bố	Mặt cơ thể	Mặt trước || mặt trước	Mặt trước	Chỉ chuẩn hóa chữ hoa/thường	Giữ nguyên từ và qualifier; thống nhất chữ cái đầu viết hoa.	Distribution_pattern	Body_surface_orientation
Kiểu phân bố	Tụ cụm/đám	Cụm || Thành cụm || Tập trung cụm || Tụ cụm || Tụ thành cụm || Từng cụm	Thành cụm	Cần duyệt trước	Các cách diễn đạt gần nhau về tổn thương tụ thành cụm; giữ riêng Cụm nhỏ và Cụm thưa.	Distribution_pattern	Clustered
Kiểu phân bố	Tụ cụm/đám	Thành đám || Tụ thành đám || Tụ đám || Đám	Thành đám	Cần duyệt trước	Các cách diễn đạt gần nhau về tổn thương tụ thành đám.	Distribution_pattern	Clustered
Kiểu phân bố	Mật độ	Thưa || Thưa thớt	Thưa thớt	Chuẩn hóa gần trùng	Cùng mô tả mật độ thưa.	Distribution_pattern	Density
Kiểu phân bố	Phơi nắng/tiếp xúc	Da phơi nắng || Vùng phơi nắng	Vùng phơi nắng	Cần duyệt trước	Gần nghĩa trong trường phân bố; xác nhận nhãn Da phơi nắng đang chỉ vùng cơ thể.	Distribution_pattern	Exposure_or_contact
Kiểu phân bố	Dạng tuyến/dải/hàng	Dạng dải || Dải || Theo dải || Thành dải	Dạng dải	Cần duyệt trước	Các cách diễn đạt gần nhau; xác nhận Theo dải có cùng nghĩa với dạng dải trong câu nguồn.	Distribution_pattern	Linear_or_row
Kiểu phân bố	Dạng tuyến/dải/hàng	Nằm ngang || Theo chiều ngang	Theo chiều ngang	Chuẩn hóa gần trùng	Cùng mô tả hướng ngang.	Distribution_pattern	Linear_or_row
Kiểu phân bố	Dạng tuyến/dải/hàng	Theo hàng || Thành hàng || Xếp hàng || Xếp thành hàng	Thành hàng	Chuẩn hóa gần trùng	Cùng mô tả tổn thương xếp thành một hàng.	Distribution_pattern	Linear_or_row
Kiểu phân bố	Dạng tuyến/dải/hàng	Dạng tuyến || Tuyến tính	Tuyến tính	Cần duyệt trước	Có thể cùng mô tả phân bố tuyến tính; xác nhận ngữ cảnh trước khi nhập chung.	Distribution_pattern	Linear_or_row
Kiểu phân bố	Số lượng	Nhiều ổ || Đa ổ	Nhiều ổ	Cần duyệt trước	Xác nhận cách dùng ổ và nhiều ổ theo câu nguồn.	Distribution_pattern	Number
Kiểu phân bố	Số lượng	Một ổ || Riêng lẻ || Đơn độc || Đơn ổ	Đơn độc	Cần duyệt trước	Các nhãn gần nhau nhưng có thể khác giữa một tổn thương và một ổ bệnh.	Distribution_pattern	Number
Loại tổn thương	Tổn thương cơ bản	Ban dát || dát ban || Dát ban	Ban dát	Cần duyệt trước	Hai cách đảo trật tự từ; xác nhận tài liệu nguồn dùng cùng một khái niệm.	Lesion_list	Primary_Lesion_Type
Loại tổn thương	Tổn thương cơ bản	Ban dát đỏ || Dát ban đỏ	Ban dát đỏ	Cần duyệt trước	Hai cách đảo trật tự từ; xác nhận tài liệu nguồn dùng cùng một khái niệm.	Lesion_list	Primary_Lesion_Type
Loại tổn thương	Tổn thương cơ bản	bọng nước || Bọng nước	Bọng nước	Chỉ chuẩn hóa chữ hoa/thường	Giữ nguyên từ và qualifier; thống nhất chữ cái đầu viết hoa.	Lesion_list	Primary_Lesion_Type
Loại tổn thương	Tổn thương cơ bản	Dát || dát	Dát	Chỉ chuẩn hóa chữ hoa/thường	Giữ nguyên từ và qualifier; thống nhất chữ cái đầu viết hoa.	Lesion_list	Primary_Lesion_Type
Loại tổn thương	Tổn thương cơ bản	dát giảm sắc tố || Dát giảm sắc tố	Dát giảm sắc tố	Chỉ chuẩn hóa chữ hoa/thường	Giữ nguyên từ và qualifier; thống nhất chữ cái đầu viết hoa.	Lesion_list	Primary_Lesion_Type
Loại tổn thương	Tổn thương cơ bản	Dát hồng ban || dát hồng ban	Dát hồng ban	Chỉ chuẩn hóa chữ hoa/thường	Giữ nguyên từ và qualifier; thống nhất chữ cái đầu viết hoa.	Lesion_list	Primary_Lesion_Type
Loại tổn thương	Tổn thương cơ bản	Dát sắc tố || dát sắc tố	Dát sắc tố	Chỉ chuẩn hóa chữ hoa/thường	Giữ nguyên từ và qualifier; thống nhất chữ cái đầu viết hoa.	Lesion_list	Primary_Lesion_Type
Loại tổn thương	Tổn thương cơ bản	Dát đỏ nâu || Dát Đỏ nâu	Dát đỏ nâu	Chỉ chuẩn hóa chữ hoa/thường	Giữ nguyên từ và qualifier; thống nhất chữ cái đầu viết hoa.	Lesion_list	Primary_Lesion_Type
Loại tổn thương	Tổn thương cơ bản	Mụn mủ || mụn mủ	Mụn mủ	Chỉ chuẩn hóa chữ hoa/thường	Giữ nguyên từ và qualifier; thống nhất chữ cái đầu viết hoa.	Lesion_list	Primary_Lesion_Type
Loại tổn thương	Tổn thương cơ bản	Mụn mủ nhỏ || mụn mủ nhỏ	Mụn mủ nhỏ	Chỉ chuẩn hóa chữ hoa/thường	Giữ nguyên từ và qualifier; thống nhất chữ cái đầu viết hoa.	Lesion_list	Primary_Lesion_Type
Loại tổn thương	Tổn thương cơ bản	Mụn nước || mụn nước	Mụn nước	Chỉ chuẩn hóa chữ hoa/thường	Giữ nguyên từ và qualifier; thống nhất chữ cái đầu viết hoa.	Lesion_list	Primary_Lesion_Type
Loại tổn thương	Tổn thương cơ bản	mụn đầu đen || Mụn đầu đen || Nhân trứng cá mở	Nhân trứng cá mở	Cần duyệt trước	Đề xuất tên hình thái chuẩn hơn; bác sĩ xác nhận câu nguồn trước khi nhập chung.	Lesion_list	Primary_Lesion_Type
Loại tổn thương	Tổn thương cơ bản	Nốt || nốt	Nốt	Chỉ chuẩn hóa chữ hoa/thường	Giữ nguyên từ và qualifier; thống nhất chữ cái đầu viết hoa.	Lesion_list	Primary_Lesion_Type
Loại tổn thương	Tổn thương cơ bản	Nốt gồ || nốt gồ	Nốt gồ	Chỉ chuẩn hóa chữ hoa/thường	Giữ nguyên từ và qualifier; thống nhất chữ cái đầu viết hoa.	Lesion_list	Primary_Lesion_Type
Loại tổn thương	Tổn thương cơ bản	nốt hồng ban || Nốt hồng ban	Nốt hồng ban	Chỉ chuẩn hóa chữ hoa/thường	Giữ nguyên từ và qualifier; thống nhất chữ cái đầu viết hoa.	Lesion_list	Primary_Lesion_Type
Loại tổn thương	Tổn thương cơ bản	Nốt viêm || nốt viêm	Nốt viêm	Chỉ chuẩn hóa chữ hoa/thường	Giữ nguyên từ và qualifier; thống nhất chữ cái đầu viết hoa.	Lesion_list	Primary_Lesion_Type
Loại tổn thương	Tổn thương cơ bản	Sẩn || sẩn	Sẩn	Chỉ chuẩn hóa chữ hoa/thường	Giữ nguyên từ và qualifier; thống nhất chữ cái đầu viết hoa.	Lesion_list	Primary_Lesion_Type
Loại tổn thương	Tổn thương cơ bản	sẩn hồng ban || Sẩn hồng ban	Sẩn hồng ban	Chỉ chuẩn hóa chữ hoa/thường	Giữ nguyên từ và qualifier; thống nhất chữ cái đầu viết hoa.	Lesion_list	Primary_Lesion_Type
Loại tổn thương	Tổn thương cơ bản	sẩn lõm giữa || Sẩn lõm giữa	Sẩn lõm giữa	Chỉ chuẩn hóa chữ hoa/thường	Giữ nguyên từ và qualifier; thống nhất chữ cái đầu viết hoa.	Lesion_list	Primary_Lesion_Type
Loại tổn thương	Tổn thương cơ bản	Sẩn nhỏ || sẩn nhỏ	Sẩn nhỏ	Chỉ chuẩn hóa chữ hoa/thường	Giữ nguyên từ và qualifier; thống nhất chữ cái đầu viết hoa.	Lesion_list	Primary_Lesion_Type
Loại tổn thương	Tổn thương cơ bản	sẩn phù || Sẩn phù	Sẩn phù	Chỉ chuẩn hóa chữ hoa/thường	Giữ nguyên từ và qualifier; thống nhất chữ cái đầu viết hoa.	Lesion_list	Primary_Lesion_Type
Loại tổn thương	Tổn thương cơ bản	Sẩn sắc tố || sẩn sắc tố	Sẩn sắc tố	Chỉ chuẩn hóa chữ hoa/thường	Giữ nguyên từ và qualifier; thống nhất chữ cái đầu viết hoa.	Lesion_list	Primary_Lesion_Type
Loại tổn thương	Tổn thương cơ bản và thứ phát	bong vảy || Bong vảy	Bong vảy	Chỉ chuẩn hóa chữ hoa/thường	Giữ nguyên từ và qualifier; thống nhất chữ cái đầu viết hoa.	Lesion_list	Primary_and_Secondary_Morphology
Loại tổn thương	Tổn thương cơ bản và thứ phát	Loét || loét || Vết loét || Ổ loét	Loét	Cần duyệt trước	Các cách gọi gần nhau; giữ riêng loét nông, loét niêm mạc và các qualifier khác.	Lesion_list	Primary_and_Secondary_Morphology
Loại tổn thương	Tổn thương cơ bản và thứ phát	Mụn nước || mụn nước	Mụn nước	Chỉ chuẩn hóa chữ hoa/thường	Giữ nguyên từ và qualifier; thống nhất chữ cái đầu viết hoa.	Lesion_list	Primary_and_Secondary_Morphology
Loại tổn thương	Tổn thương cơ bản và thứ phát	Nốt || nốt	Nốt	Chỉ chuẩn hóa chữ hoa/thường	Giữ nguyên từ và qualifier; thống nhất chữ cái đầu viết hoa.	Lesion_list	Primary_and_Secondary_Morphology
Loại tổn thương	Tổn thương cơ bản và thứ phát	Nứt || Vết nứt	Nứt	Cần duyệt trước	Gần nghĩa; không nhập Nứt da, Nứt kẽ hoặc Nứt móng nếu trường vị trí có ý nghĩa.	Lesion_list	Primary_and_Secondary_Morphology
Loại tổn thương	Tổn thương cơ bản và thứ phát	Sẩn || sẩn	Sẩn	Chỉ chuẩn hóa chữ hoa/thường	Giữ nguyên từ và qualifier; thống nhất chữ cái đầu viết hoa.	Lesion_list	Primary_and_Secondary_Morphology
Loại tổn thương	Tổn thương cơ bản và thứ phát	Sẩn phù || sẩn phù	Sẩn phù	Chỉ chuẩn hóa chữ hoa/thường	Giữ nguyên từ và qualifier; thống nhất chữ cái đầu viết hoa.	Lesion_list	Primary_and_Secondary_Morphology
Loại tổn thương	Tổn thương cơ bản và thứ phát	sẩn trợt || Sẩn trợt	Sẩn trợt	Chỉ chuẩn hóa chữ hoa/thường	Giữ nguyên từ và qualifier; thống nhất chữ cái đầu viết hoa.	Lesion_list	Primary_and_Secondary_Morphology
Loại tổn thương	Tổn thương cơ bản và thứ phát	Sẩn viêm || sẩn viêm	Sẩn viêm	Chỉ chuẩn hóa chữ hoa/thường	Giữ nguyên từ và qualifier; thống nhất chữ cái đầu viết hoa.	Lesion_list	Primary_and_Secondary_Morphology
Loại tổn thương	Tổn thương cơ bản và thứ phát	Sẹo || sẹo	Sẹo	Chỉ chuẩn hóa chữ hoa/thường	Giữ nguyên từ và qualifier; thống nhất chữ cái đầu viết hoa.	Lesion_list	Primary_and_Secondary_Morphology
Loại tổn thương	Tổn thương cơ bản và thứ phát	Trợt || trợt || trợt da || Trợt da || Vết trợt || vết trợt	Trợt	Cần duyệt trước	Các cách gọi gần nhau; giữ riêng các nhãn có thêm độ sâu hoặc vị trí như trợt nông, trợt niêm mạc.	Lesion_list	Primary_and_Secondary_Morphology
Loại tổn thương	Tổn thương cơ bản và thứ phát	Vảy tiết || vảy tiết	Vảy tiết	Chỉ chuẩn hóa chữ hoa/thường	Giữ nguyên từ và qualifier; thống nhất chữ cái đầu viết hoa.	Lesion_list	Primary_and_Secondary_Morphology
Vị trí khoang miệng	Khoang miệng/niêm mạc	Khẩu cái || khẩu cái	Khẩu cái	Chỉ chuẩn hóa chữ hoa/thường	Giữ nguyên từ và qualifier; thống nhất chữ cái đầu viết hoa.	Oral_region	Oral cavity
Vị trí khoang miệng	Khoang miệng/niêm mạc	Lưỡi || lưỡi	Lưỡi	Chỉ chuẩn hóa chữ hoa/thường	Giữ nguyên từ và qualifier; thống nhất chữ cái đầu viết hoa.	Oral_region	Oral cavity
Vị trí khoang miệng	Khoang miệng/niêm mạc	Môi || môi	Môi	Chỉ chuẩn hóa chữ hoa/thường	Giữ nguyên từ và qualifier; thống nhất chữ cái đầu viết hoa.	Oral_region	Oral cavity
Vị trí khoang miệng	Khoang miệng/niêm mạc	Môi dưới || môi dưới	Môi dưới	Chỉ chuẩn hóa chữ hoa/thường	Giữ nguyên từ và qualifier; thống nhất chữ cái đầu viết hoa.	Oral_region	Oral cavity
Vị trí khoang miệng	Khoang miệng/niêm mạc	Môi trên || môi trên	Môi trên	Chỉ chuẩn hóa chữ hoa/thường	Giữ nguyên từ và qualifier; thống nhất chữ cái đầu viết hoa.	Oral_region	Oral cavity
Vị trí khoang miệng	Khoang miệng/niêm mạc	Mặt lưng lưỡi || mặt lưng lưỡi	Mặt lưng lưỡi	Chỉ chuẩn hóa chữ hoa/thường	Giữ nguyên từ và qualifier; thống nhất chữ cái đầu viết hoa.	Oral_region	Oral cavity
Vị trí khoang miệng	Khoang miệng/niêm mạc	Mặt trong môi || mặt trong môi	Mặt trong môi	Chỉ chuẩn hóa chữ hoa/thường	Giữ nguyên từ và qualifier; thống nhất chữ cái đầu viết hoa.	Oral_region	Oral cavity
Vị trí khoang miệng	Khoang miệng/niêm mạc	Niêm mạc môi || niêm mạc môi	Niêm mạc môi	Chỉ chuẩn hóa chữ hoa/thường	Giữ nguyên từ và qualifier; thống nhất chữ cái đầu viết hoa.	Oral_region	Oral cavity
Vị trí khoang miệng	Khoang miệng/niêm mạc	quanh cổ răng || Quanh cổ răng	Quanh cổ răng	Chỉ chuẩn hóa chữ hoa/thường	Giữ nguyên từ và qualifier; thống nhất chữ cái đầu viết hoa.	Oral_region	Oral cavity
