English_name	Vietnamese_standardized_name	Source_disease_label	Diagnosis_answer_labels	ICD10_VN_2026_code_exact_match	ICD10_VN_2026_official_display	Translation_basis	Clinical_note
Acanthoma fissuratum	U gai khe nứt do gọng kính	yes	Acanthoma fissuratum			Bản dịch mô tả đề xuất; chưa có thuật ngữ Việt thống nhất	Tổn thương da do tì đè và ma sát kéo dài tại vị trí tiếp xúc với gọng kính; tên quốc tế được giữ trong cột tiếng Anh.
Acanthosis palmaris	Tăng gai hóa da lòng bàn tay (acanthosis palmaris)	yes	Acanthosis palmaris			Bản dịch mô tả đề xuất; cần bác sĩ da liễu duyệt	
Acne vulgaris	Trứng cá thể thông thường	yes	Acne vulgaris	L70.0	Trứng cá thể thông thường	Khớp chính xác danh mục ICD-10 Việt Nam 2026	
Acquired dermal macular hyperpigmentation	Tăng sắc tố dạng dát ở trung bì mắc phải	yes	Acquired dermal macular hyperpigmentation			Bản dịch mô tả đề xuất; cần bác sĩ da liễu duyệt	
Acquired lymphangiectasia	Giãn mạch bạch huyết mắc phải	yes	Acquired lymphangiectasia			Bản dịch mô tả đề xuất; cần bác sĩ da liễu duyệt	
Acral lentiginous melanoma	U hắc tố ác tính dạng lentigo ở đầu chi	yes	U hắc tố ác tính dạng đầu chi			Thuật ngữ Việt được đối chiếu nguồn chuyên ngành	Giữ cả đặc tính dạng lentigo và vị trí đầu chi.
Acrodermatitis continua of Hallopeau	Viêm da đầu chi mụn mủ liên tục thể Hallopeau	yes	Acrodermatitis continua of Hallopeau			Bản dịch mô tả theo hình thái bệnh; cần bác sĩ da liễu duyệt	Bổ sung đặc điểm mụn mủ ở đầu ngón; DermNet mô tả các đợt mụn mủ tái diễn ở đầu ngón tay hoặc chân.
Acrodermatitis enteropathica	Viêm da đầu chi ruột	yes	Acrodermatitis enteropathica			Bản dịch mô tả đề xuất; cần bác sĩ da liễu duyệt	
Acrokeratosis verruciformis of Hopf	Dày sừng dạng mụn cóc ở đầu chi (thể Hopf)	yes	Acrokeratosis verruciformis of Hopf			Bản dịch mô tả đề xuất; cần bác sĩ da liễu duyệt	
Acropustulosis of infancy	Mụn mủ đầu chi ở trẻ nhỏ	yes	Acropustulosis of infancy			Bản dịch mô tả đề xuất; cần bác sĩ da liễu duyệt	
Actinic cheilitis	Viêm môi do ánh sáng	yes	Actinic cheilitis			Bản dịch mô tả đề xuất; cần bác sĩ da liễu duyệt	
Actinic keratosis	Dày sừng quang hoá	yes	Actinic keratosis	L57.0	Dày sừng quang hoá	Khớp chính xác danh mục ICD-10 Việt Nam 2026	
Actinic prurigo	Sẩn ngứa do ánh sáng	yes				Bản dịch mô tả đề xuất; cần bác sĩ da liễu duyệt	
Acute febrile neutrophilic dermatosis (Sweet syndrome)	Bệnh da tăng bạch cầu trung tính có sốt cấp tính (hội chứng Sweet)	yes	Acute febrile neutrophilic dermatosis (Sweet syndrome)			Bản dịch mô tả đề xuất; cần bác sĩ da liễu duyệt	
Acute generalised exanthematous pustulosis	Ngoại ban mụn mủ toàn thân cấp tính	yes	Acute generalised exanthematous pustulosis			Bản dịch mô tả đề xuất; cần bác sĩ da liễu duyệt	
Acute hepatic porphyrias	Rối loạn chuyển hóa porphyrin gan cấp tính	yes	Acute hepatic porphyrias			Bản dịch mô tả đề xuất; cần bác sĩ da liễu duyệt	
Acute localised exanthematous pustulosis	Ngoại ban mụn mủ khu trú cấp tính	yes				Bản dịch mô tả đề xuất; cần bác sĩ da liễu duyệt	
Adult-onset Still disease	Bệnh Still khởi phát ở người lớn	yes	Bệnh Still khởi phát ở người lớn	M06.1	Bệnh Still khởi phát ở người lớn	Khớp chính xác danh mục ICD-10 Việt Nam 2026	
Aeromonas skin infection	Nhiễm trùng da do Aeromonas	yes	Aeromonas skin infection			Bản dịch mô tả đề xuất; cần bác sĩ da liễu duyệt	
Airborne contact dermatitis	Viêm da tiếp xúc do dị nguyên trong không khí	yes				Bản dịch mô tả đề xuất; cần bác sĩ da liễu duyệt	
Alkaptonuria and ochronosis	Bệnh alkapton niệu và ochronosis (lắng đọng sắc tố ochronotic)	yes				Bản dịch mô tả đề xuất; cần bác sĩ da liễu duyệt	
Alopecia areata	Rụng tóc thể mảng	yes	Alopecia areata	L63	Rụng tóc thể mảng	Khớp chính xác danh mục ICD-10 Việt Nam 2026	
Alopecia from drugs	Rụng tóc do thuốc	yes	Alopecia from drugs			Bản dịch mô tả đề xuất; cần bác sĩ da liễu duyệt	
Alopecia mucinosa	Rụng tóc do lắng đọng chất nhầy	yes		L65.2	Rụng tóc do lắng đọng chất nhầy	Khớp chính xác danh mục ICD-10 Việt Nam 2026	
Amelanotic melanoma	U hắc tố ác tính không sắc tố	yes	Amelanotic melanoma			Bản dịch mô tả đề xuất; cần bác sĩ da liễu duyệt	
Amputation stump dermatoses	Bệnh da ở mỏm cụt chi	yes	Amputation stump dermatoses			Bản dịch mô tả đề xuất; cần bác sĩ da liễu duyệt	
Amyloidosis cutis dyschromica	Amyloidosis da dạng loạn sắc tố	yes	Amyloidosis cutis dyschromica			Bản dịch mô tả đề xuất; cần bác sĩ da liễu duyệt	
Anagen effluvium	Rụng tóc ở giai đoạn tóc đang phát triển [anagen efluvium]	yes	Anagen effluvium	L65.1	Rụng tóc ở giai đoạn tóc đang phát triển [anagen efluvium]	Khớp chính xác danh mục ICD-10 Việt Nam 2026	
Anal cancer and anal canal cancer	Ung thư hậu môn và ống hậu môn	yes	Anal cancer and anal canal cancer			Bản dịch mô tả đề xuất; cần bác sĩ da liễu duyệt	
Anetoderma	Teo da mềm (anetoderma)	yes	Anetoderma			Bản dịch mô tả đề xuất; cần bác sĩ da liễu duyệt	
Angiofibroma	U xơ mạch	yes	Angiofibroma			Bản dịch mô tả đề xuất; cần bác sĩ da liễu duyệt	
Angioma serpiginosum	U mạch dạng ngoằn ngoèo	yes	Angioma serpiginosum			Bản dịch mô tả đề xuất; cần bác sĩ da liễu duyệt	
Angular cheilitis	Viêm mép (viêm môi góc miệng)	yes	Angular cheilitis			Bản dịch mô tả đề xuất; cần bác sĩ da liễu duyệt	
Anogenital squamous cell carcinoma	Ung thư biểu mô tế bào vảy vùng hậu môn sinh dục	yes	Ung thư biểu mô tế bào vảy hậu môn sinh dục			Bản dịch mô tả đề xuất; cần bác sĩ da liễu duyệt	
Anogenital wart	Mụn cóc vùng hậu môn sinh dục	yes	Anogenital wart			Bản dịch mô tả đề xuất; cần bác sĩ da liễu duyệt	
Anthrax	Bệnh than	yes	Anthrax	A22	Bệnh than	Khớp chính xác danh mục ICD-10 Việt Nam 2026	
Antisynthetase syndrome	Hội chứng kháng synthetase	yes	Antisynthetase syndrome			Bản dịch mô tả đề xuất; cần bác sĩ da liễu duyệt	
Aphthous ulcer	Loét áp-tơ	yes	Aphthous ulcer			Bản dịch mô tả đề xuất; cần bác sĩ da liễu duyệt	
Apocrine chromhidrosis	Tăng tiết mồ hôi màu do tuyến apocrine	yes	Apocrine chromhidrosis			Bản dịch mô tả đề xuất; cần bác sĩ da liễu duyệt	
Arthropod bites and stings	Vết cắn hoặc đốt do động vật chân đốt	yes	Arthropod bites and stings			Bản dịch mô tả đề xuất; cần bác sĩ da liễu duyệt	
Aspergillosis	Bệnh nhiễm nấm aspergillus	yes	Aspergillosis	B44	Bệnh nhiễm nấm aspergillus	Khớp chính xác danh mục ICD-10 Việt Nam 2026	
Asteatotic eczema	Chàm khô (viêm da asteatotic)	yes	Asteatotic eczema			Bản dịch mô tả đề xuất; cần bác sĩ da liễu duyệt	
Atopic dermatitis	Viêm da cơ địa	yes	Viêm da cơ địa	L20	Viêm da cơ địa	Khớp chính xác danh mục ICD-10 Việt Nam 2026	
Atrophoderma of Pasini and Pierini	Chứng teo da Pasini và Pierini	yes	Atrophoderma of Pasini and Pierini	L90.3	Chứng teo da Pasini và Pierini	Khớp chính xác danh mục ICD-10 Việt Nam 2026	
Atypical fibroxanthoma	U xơ không điển hình (atypical fibroxanthoma)	yes	Atypical fibroxanthoma			Bản dịch mô tả đề xuất; cần bác sĩ da liễu duyệt	
Atypical melanocytic naevus	Nốt ruồi tế bào hắc tố không điển hình	yes	Nốt ruồi hắc tố không điển hình			Bản dịch mô tả đề xuất; cần bác sĩ da liễu duyệt	
Atypical mycobacterial infection	Nhiễm mycobacteria không điển hình	yes	Nhiễm trùng do mycobacteria không điển hình			Bản dịch mô tả đề xuất; cần bác sĩ da liễu duyệt	
Atypical solar lentigo	Lentigo do nắng không điển hình	yes	Atypical solar lentigo			Bản dịch mô tả đề xuất; cần bác sĩ da liễu duyệt	
Bacterial folliculitis	Viêm nang lông do vi khuẩn	yes	Bacterial folliculitis			Bản dịch mô tả đề xuất; cần bác sĩ da liễu duyệt	
Basal cell carcinoma	Ung thư biểu mô tế bào đáy	yes	Ung thư biểu mô tế bào đáy			Bản dịch mô tả đề xuất; cần bác sĩ da liễu duyệt	
Bazin_s hydroa vacciniforme	Hydroa vacciniforme thể Bazin	yes	Bazin_s hydroa vacciniforme			Bản dịch mô tả đề xuất; cần bác sĩ da liễu duyệt	
Benign familial pemphigus	Pemphigus gia đình lành tính (bệnh Hailey–Hailey)	yes	Pemphigus gia đình lành tính			Bản dịch mô tả đề xuất; cần bác sĩ da liễu duyệt	
Benign hereditary telangiectasia	Giãn mao mạch di truyền lành tính	yes	Benign hereditary telangiectasia			Bản dịch mô tả đề xuất; cần bác sĩ da liễu duyệt	
Birt-Hogg-Dubé syndrome	Hội chứng Birt–Hogg–Dubé	yes	Hội chứng Birt-Hogg-Dubé			Bản dịch mô tả đề xuất; cần bác sĩ da liễu duyệt	
Blue nevus	Bớt xanh (nevus xanh)	yes	Blue nevus			Bản dịch mô tả đề xuất; cần bác sĩ da liễu duyệt	
Boil	Nhọt	yes	Nhọt			Bản dịch mô tả đề xuất; cần bác sĩ da liễu duyệt	
Bullous pemphigoid	Bệnh pemphigoid bọng nước	yes	Pemphigoid bọng nước	L12.0	Bệnh pemphigoid bọng nước	Khớp chính xác danh mục ICD-10 Việt Nam 2026	
Calcinosis cutis	Bệnh lắng đọng calci ở da	yes	Calcinosis cutis	L94.2	Bệnh lắng đọng calci ở da	Khớp chính xác danh mục ICD-10 Việt Nam 2026	
Calciphylaxis	Calciphylaxis (vôi hóa mạch máu ở da)	yes	Calciphylaxis			Bản dịch mô tả đề xuất; cần bác sĩ da liễu duyệt	
Capillary vascular malformation	Dị dạng mạch máu mao mạch	yes	Capillary vascular malformation			Bản dịch mô tả đề xuất; cần bác sĩ da liễu duyệt	
Carotenoderma	Da đổi màu vàng cam do tăng carotene (carotenoderma)	yes	Carotenoderma			Bản dịch mô tả đề xuất; cần bác sĩ da liễu duyệt	Mô tả đổi màu da vàng cam; phân biệt với vàng da do bilirubin vì củng mạc và niêm mạc thường không đổi màu.
Cellulitis	Viêm mô bào	yes	Cellulitis	L03	Viêm mô bào	Khớp chính xác danh mục ICD-10 Việt Nam 2026	
Cherry angioma	U mạch anh đào	yes				Bản dịch mô tả đề xuất; cần bác sĩ da liễu duyệt	
Chilblains	Bệnh cước	yes	Chilblains	T69.1	Bệnh cước	Khớp chính xác danh mục ICD-10 Việt Nam 2026	
Chloracne _ MADISH	Chloracne/MADISH (hamartoma da mắc phải liên quan dioxin)	yes	Chloracne _ MADISH			Giữ tên quốc tế kèm diễn giải; cần bác sĩ da liễu duyệt	“Chloracne” là tên dễ gây hiểu nhầm: đây không phải trứng cá thông thường. MADISH chỉ hamartoma da mắc phải liên quan chuyển hóa dioxin.
Cold urticaria	Mày đay do lạnh	yes	Cold urticaria			Bản dịch mô tả đề xuất; cần bác sĩ da liễu duyệt	
Colloid milium	Milium keo (colloid milium)	yes	Colloid milium			Bản dịch mô tả đề xuất; cần bác sĩ da liễu duyệt	
Congenital melanocytic naevus	Bớt tế bào hắc tố bẩm sinh	yes	Congenital melanocytic naevus			Bản dịch mô tả đề xuất; cần bác sĩ da liễu duyệt	
Cryoglobulinaemia	Bệnh cryoglobulin huyết	yes	Cryoglobulinaemia	D89.1	Bệnh kháng thể (tăng globulin) ngưng kết lạnh	Khớp chính xác danh mục ICD-10 Việt Nam 2026; tên Việt được chuẩn hóa lại	
Cutaneous abscess	Áp-xe da	yes				Bản dịch mô tả đề xuất; cần bác sĩ da liễu duyệt	
Cutaneous amyloidosis	Amyloidosis ở da	yes	Cutaneous amyloidosis			Bản dịch mô tả đề xuất; cần bác sĩ da liễu duyệt	
Cutaneous horn	Sừng da	yes	Cutaneous horn			Bản dịch mô tả đề xuất; cần bác sĩ da liễu duyệt	
Cutaneous larva migrans	Ấu trùng di chuyển dưới da	yes	Cutaneous larva migrans			Bản dịch mô tả đề xuất; cần bác sĩ da liễu duyệt	
Cutaneous lupus erythematosus	Lupus ban đỏ ở da	yes	Cutaneous lupus erythematosus			Bản dịch mô tả đề xuất; cần bác sĩ da liễu duyệt	
Cutaneous tuberculosis	Lao da	yes	Cutaneous tuberculosis			Bản dịch mô tả đề xuất; cần bác sĩ da liễu duyệt	
Cutaneous vasculitis	Viêm mạch máu ở da	yes	Cutaneous vasculitis			Bản dịch mô tả đề xuất; cần bác sĩ da liễu duyệt	
Cutis marmorata telangiectatica congenita	Da vân lưới giãn mao mạch bẩm sinh	yes	Cutis marmorata telangiectatica congenita			Bản dịch mô tả đề xuất; cần bác sĩ da liễu duyệt	
Cutis verticis gyrata	Da đầu dạng nếp cuộn (cutis verticis gyrata)	yes	Cutis verticis gyrata			Bản dịch mô tả đề xuất; cần bác sĩ da liễu duyệt	
Cytophagic histiocytic panniculitis	Viêm mô mỡ có tế bào mô bào thực bào	yes				Bản dịch mô tả đề xuất; cần bác sĩ da liễu duyệt	
Delayed pressure urticaria	Mày đay do áp lực muộn	yes	Delayed pressure urticaria			Bản dịch mô tả đề xuất; cần bác sĩ da liễu duyệt	
Dermatitis artefacta	Viêm da tự tạo	yes	Dermatitis artefacta			Bản dịch mô tả đề xuất; cần bác sĩ da liễu duyệt	
Dermatofibroma	U xơ da	yes	Dermatofibroma			Bản dịch mô tả đề xuất; cần bác sĩ da liễu duyệt	
Dermatosis papulosa nigra	Sẩn tăng sắc tố màu đen (dermatosis papulosa nigra)	yes	Dermatosis papulosa nigra			Bản dịch mô tả đề xuất; cần bác sĩ da liễu duyệt	
Digital myxoid pseudocyst	Nang nhầy giả ở ngón tay	yes	Digital myxoid pseudocyst			Bản dịch mô tả đề xuất; cần bác sĩ da liễu duyệt	
Discoid eczema	Chàm dạng đồng tiền	yes	Discoid eczema			Bản dịch mô tả đề xuất; cần bác sĩ da liễu duyệt	
Discoid lupus erythematosus	Bệnh lupus ban đỏ dạng đĩa	yes	Discoid lupus erythematosus	L93.0	Bệnh lupus ban đỏ dạng đĩa	Khớp chính xác danh mục ICD-10 Việt Nam 2026	
Disseminate and recurrent infundibulofolliculitis	Viêm nang lông hình phễu lan tỏa và tái phát	yes				Bản dịch mô tả đề xuất; cần bác sĩ da liễu duyệt	
Disseminated secondary eczema	Chàm thứ phát lan tỏa	yes	Disseminated secondary eczema			Bản dịch mô tả đề xuất; cần bác sĩ da liễu duyệt	
Disseminated superficial actinic porokeratosis	Porokeratosis thể nông lan tỏa do ánh sáng (DSAP)	yes	Porokeratosis nông lan tỏa do ánh sáng (DSAP)			Thuật ngữ Việt được đối chiếu nguồn chuyên ngành	Giữ thuộc nhóm porokeratosis; không dịch thành dày sừng quang hóa.
Dowling-Degos disease	Bệnh Dowling–Degos	yes	Dowling-Degos disease			Bản dịch mô tả đề xuất; cần bác sĩ da liễu duyệt	
Dry gangrene	Hoại thư khô	yes	Dry gangrene			Bản dịch mô tả đề xuất; cần bác sĩ da liễu duyệt	
Dyshidrotic eczema (pompholyx)	Chàm tổ đỉa (pompholyx)	yes	Chàm tổ đỉa (pompholyx)			Bản dịch mô tả đề xuất; cần bác sĩ da liễu duyệt	
Dystrophic epidermolysis bullosa	Ly thượng bì bọng nước thể loạn dưỡng	yes	Dystrophic epidermolysis bullosa			Bản dịch mô tả đề xuất; cần bác sĩ da liễu duyệt	
Eccrine porocarcinoma	Ung thư biểu mô tuyến mồ hôi eccrine (porocarcinoma)	yes				Bản dịch mô tả đề xuất; cần bác sĩ da liễu duyệt	
Ecthyma	Chốc loét	yes	Ecthyma			Bản dịch mô tả đề xuất; cần bác sĩ da liễu duyệt	
Eczema herpeticum	Bệnh chàm do nhiễm virus herpes [herpes simplex]	yes	Eczema herpeticum	B00.0	Bệnh chàm do nhiễm virus herpes [herpes simplex]	Khớp chính xác danh mục ICD-10 Việt Nam 2026	
Elastolytic giant cell granuloma	U hạt tế bào khổng lồ tiêu sợi chun	yes	Elastolytic giant cell granuloma			Bản dịch mô tả đề xuất; cần bác sĩ da liễu duyệt	
Elastosis	Thoái hóa sợi chun (elastosis)	yes	Elastosis			Bản dịch mô tả đề xuất; cần bác sĩ da liễu duyệt	
Elastosis perforans serpiginosa	Bệnh sợi chun đục lỗ ngoằn ngoèo [đào thải sợi chun qua nhú bì]	yes	Elastosis perforans serpiginosa	L87.2	Bệnh sợi chun đục lỗ ngoằn ngoèo [đào thải sợi chun qua nhú bì]	Khớp chính xác danh mục ICD-10 Việt Nam 2026	
Eosinophilic pustular folliculitis	Viêm nang lông mụn mủ tăng bạch cầu ái toan	yes	Eosinophilic pustular folliculitis			Bản dịch mô tả đề xuất; cần bác sĩ da liễu duyệt	
Epidermal naevus	Bớt thượng bì	yes	Epidermal naevus			Bản dịch mô tả đề xuất; cần bác sĩ da liễu duyệt	
Epidermoid cyst	Nang thượng bì	yes	Epidermoid cyst			Bản dịch mô tả đề xuất; cần bác sĩ da liễu duyệt	
Epidermolysis bullosa	Bệnh ly thượng bì bọng nước bẩm sinh	yes	Epidermolysis bullosa	Q81	Bệnh ly thượng bì bọng nước bẩm sinh	Khớp chính xác danh mục ICD-10 Việt Nam 2026	
Epidermolysis bullosa acquisita	Ly thượng bì bọng nước mắc phải	yes	Epidermolysis bullosa acquisita			Bản dịch mô tả đề xuất; cần bác sĩ da liễu duyệt	
Erosive lichen planus	Lichen phẳng thể trợt	yes	Erosive lichen planus			Bản dịch mô tả đề xuất; cần bác sĩ da liễu duyệt	
Erysipelas	Viêm quầng (do liên cầu khuẩn [Streptococcus])	yes	Erysipelas	A46	Viêm quầng (do liên cầu khuẩn [Streptococcus])	Khớp chính xác danh mục ICD-10 Việt Nam 2026	
Erysipeloid	Bệnh viêm quầng đỏ do Erysipelothrix rhusiopathiae	yes	Erysipeloid	A26	Bệnh viêm quầng đỏ do Erysipelothrix rhusiopathiae	Khớp chính xác danh mục ICD-10 Việt Nam 2026	
Erythema ab igne	Hồng ban do nhiệt	yes	Erythema ab igne			Bản dịch mô tả đề xuất; cần bác sĩ da liễu duyệt	
Erythema annulare centrifugum	Hồng ban vòng ly tâm	yes	Erythema annulare centrifugum	L53.1	Hồng ban vòng ly tâm	Khớp chính xác danh mục ICD-10 Việt Nam 2026	
Erythema dyschromicum perstans	Hồng ban loạn sắc dai dẳng	yes	Erythema dyschromicum perstans			Bản dịch mô tả đề xuất; cần bác sĩ da liễu duyệt	
Erythema elevatum diutinum	Hồng ban nổi cao dai dẳng (erythema elevatum diutinum)	yes	Erythema elevatum diutinum	L95.1	Hồng ban rắn	Khớp chính xác danh mục ICD-10 Việt Nam 2026; tên Việt được chuẩn hóa lại	
Erythema infectiosum	Ban đỏ do Parvovirus B19 (bệnh thứ năm)	yes	Erythema infectiosum			Tên mô tả làm rõ căn nguyên; đối chiếu ICD-10 VN	Bệnh do Parvovirus B19. ICD-10 Việt Nam dùng tên “ban đỏ nhiễm khuẩn [bệnh thứ năm]”; ghi căn nguyên virus để tránh hiểu nhầm là nhiễm khuẩn do vi khuẩn.
Erythema multiforme	Hồng ban đa dạng	yes	Erythema multiforme	L51	Hồng ban đa dạng	Khớp chính xác danh mục ICD-10 Việt Nam 2026	
Erythema nodosum	Hồng ban nút	yes	Erythema nodosum	L52	Hồng ban nút	Khớp chính xác danh mục ICD-10 Việt Nam 2026	
Erythrodermic psoriasis	Vảy nến đỏ da toàn thân	yes	Erythrodermic psoriasis			Bản dịch mô tả đề xuất; cần bác sĩ da liễu duyệt	
Erythrokeratoderma	Hồng ban dày sừng	yes	Erythrokeratoderma			Bản dịch mô tả đề xuất; cần bác sĩ da liễu duyệt	
Exanthems	Ngoại ban	yes	Exanthems			Bản dịch mô tả đề xuất; cần bác sĩ da liễu duyệt	
Exercise-induced vasculitis	Viêm mạch do gắng sức	yes	Exercise-induced vasculitis			Bản dịch mô tả đề xuất; cần bác sĩ da liễu duyệt	
Exfoliative cheilitis	Viêm môi tróc vảy	yes	Exfoliative cheilitis			Bản dịch mô tả đề xuất; cần bác sĩ da liễu duyệt	
Extramammary Paget disease of skin	Bệnh Paget ngoài tuyến vú ở da	yes	Extramammary Paget disease of skin			Bản dịch mô tả đề xuất; cần bác sĩ da liễu duyệt	
Eyelid contact dermatitis	Viêm da tiếp xúc ở mi mắt	yes	Eyelid contact dermatitis			Bản dịch mô tả đề xuất; cần bác sĩ da liễu duyệt	
Fabry disease	Bệnh Fabry	yes	Fabry disease			Bản dịch mô tả đề xuất; cần bác sĩ da liễu duyệt	
Facial psoriasis	Vảy nến vùng mặt	yes	Facial psoriasis			Bản dịch mô tả đề xuất; cần bác sĩ da liễu duyệt	
Fissured tongue	Lưỡi nứt	yes	Fissured tongue			Bản dịch mô tả đề xuất; cần bác sĩ da liễu duyệt	
Flea bite	Vết bọ chét đốt	yes	Flea bite			Bản dịch mô tả đề xuất; cần bác sĩ da liễu duyệt	
Flexural psoriasis	Vảy nến vùng nếp gấp	yes	Flexural psoriasis			Bản dịch mô tả đề xuất; cần bác sĩ da liễu duyệt	
Foreign body granuloma	U hạt do dị vật	yes				Bản dịch mô tả đề xuất; cần bác sĩ da liễu duyệt	
Generalised essential telangiectasia	Giãn mao mạch nguyên phát lan tỏa	yes	Generalised essential telangiectasia			Bản dịch mô tả đề xuất; cần bác sĩ da liễu duyệt	
Generalised pustular psoriasis	Vảy nến mụn mủ toàn thân	yes	Generalised pustular psoriasis			Bản dịch mô tả đề xuất; cần bác sĩ da liễu duyệt	
Genital Crohn disease	Bệnh Crohn ở cơ quan sinh dục	yes	Genital Crohn disease			Bản dịch mô tả đề xuất; cần bác sĩ da liễu duyệt	
Genital herpes	Herpes sinh dục	yes	Genital herpes			Bản dịch mô tả đề xuất; cần bác sĩ da liễu duyệt	
Genital psoriasis	Vảy nến sinh dục	yes	Genital psoriasis			Bản dịch mô tả đề xuất; cần bác sĩ da liễu duyệt	
Geographic tongue	Lưỡi bản đồ	yes	Geographic tongue	K14.1	Lưỡi bản đồ	Khớp chính xác danh mục ICD-10 Việt Nam 2026	
Gingivitis and periodontitis	Viêm lợi và viêm quanh răng	yes	Gingivitis and periodontitis			Bản dịch mô tả đề xuất; cần bác sĩ da liễu duyệt	
Glomus tumour	U cuộn mạch	yes				Bản dịch mô tả đề xuất; cần bác sĩ da liễu duyệt	
Gout	Gút [thống phong]	yes	Gout	M10	Gút [thống phong]	Khớp chính xác danh mục ICD-10 Việt Nam 2026	
Granular parakeratosis	Cận sừng dạng hạt	yes	Granular parakeratosis			Bản dịch mô tả đề xuất; cần bác sĩ da liễu duyệt	
Granuloma annulare	U hạt vòng	yes	Granuloma annulare	L92.0	U hạt vòng	Khớp chính xác danh mục ICD-10 Việt Nam 2026	
Granuloma faciale	U hạt ở mặt	yes	Granuloma faciale			Bản dịch mô tả đề xuất; cần bác sĩ da liễu duyệt	
Granuloma inguinale	U hạt ở bẹn	yes		A58	U hạt ở bẹn	Khớp chính xác danh mục ICD-10 Việt Nam 2026	
Granulomatous dermatitis	Viêm da dạng u hạt	yes	Granulomatous dermatitis			Bản dịch mô tả đề xuất; cần bác sĩ da liễu duyệt	
Hairy tongue	Lưỡi lông	yes	Hairy tongue			Bản dịch mô tả đề xuất; cần bác sĩ da liễu duyệt	
Halo naevus	Nốt ruồi quầng (halo nevus)	yes	Halo naevus			Bản dịch mô tả đề xuất; cần bác sĩ da liễu duyệt	
Hand dermatitis	Viêm da bàn tay	yes	Hand dermatitis			Bản dịch mô tả đề xuất; cần bác sĩ da liễu duyệt	
Henoch–Schönlein purpura	Viêm mạch IgA (ban xuất huyết Henoch–Schönlein)	yes	Henoch–Schönlein purpura			Thuật ngữ chuyên ngành hiện hành; giữ tên cũ trong ngoặc	Viêm mạch IgA là tên hiện dùng; đây là bệnh cụ thể, không đồng nghĩa với ban xuất huyết (purpura) nói chung.
Hereditary haemorrhagic telangiectasia	Giãn mao mạch xuất huyết di truyền	yes	Hereditary haemorrhagic telangiectasia	I78.0	Giãn mao mạch xuất huyết di truyền	Khớp chính xác danh mục ICD-10 Việt Nam 2026	
Herpangina	Herpangina (viêm họng mụn nước)	yes	Herpangina			Bản dịch mô tả đề xuất; cần bác sĩ da liễu duyệt	
Herpes simplex	Nhiễm herpes simplex	yes	Herpes simplex			Bản dịch mô tả đề xuất; cần bác sĩ da liễu duyệt	
Herpes zoster	Zona (herpes zoster)	yes	Herpes zoster			Bản dịch mô tả đề xuất; cần bác sĩ da liễu duyệt	
Hidradenitis suppurativa	Viêm tuyến mồ hôi mủ [nhọt ổ gà]	yes	Hidradenitis suppurativa	L73.2	Viêm tuyến mồ hôi mủ [nhọt ổ gà]	Khớp chính xác danh mục ICD-10 Việt Nam 2026	
Hyperhidrosis	Tăng tiết mồ hôi	yes	Hyperhidrosis	R61	Tăng tiết mồ hôi	Khớp chính xác danh mục ICD-10 Việt Nam 2026	
Hyperkeratotic palmar dermatitis	Viêm da lòng bàn tay tăng sừng	yes	Hyperkeratotic palmar dermatitis			Bản dịch mô tả đề xuất; cần bác sĩ da liễu duyệt	
Ichthyosis	Bệnh da vảy cá	yes	Ichthyosis			Bản dịch mô tả đề xuất; cần bác sĩ da liễu duyệt	
Impetigo	Bệnh chốc	yes	Impetigo	L01	Bệnh chốc	Khớp chính xác danh mục ICD-10 Việt Nam 2026	
Intralymphatic histiocytosis	Mô bào trong mạch bạch huyết (intralymphatic histiocytosis)	yes	Intralymphatic histiocytosis			Bản dịch mô tả đề xuất; cần bác sĩ da liễu duyệt	
Intravascular lymphoma	U lympho trong mạch máu	yes	Intravascular lymphoma			Bản dịch mô tả đề xuất; cần bác sĩ da liễu duyệt	
Jessner lymphocytic infiltrate	Thâm nhiễm lympho bào da Jessner	yes	Jessner lymphocytic infiltrate			Bản dịch mô tả đề xuất; cần bác sĩ da liễu duyệt	
Kaposi sarcoma	Ung thư [sarcoma] Kaposi	yes	Kaposi sarcoma	C46	Ung thư [sarcoma] Kaposi	Khớp chính xác danh mục ICD-10 Việt Nam 2026	
Keloid scar	Sẹo lồi	yes	Keloid scar			Bản dịch mô tả đề xuất; cần bác sĩ da liễu duyệt	
Keratoelastoidosis marginalis	Dày sừng đàn hồi vùng rìa lòng bàn tay	yes	Keratoelastoidosis marginalis			Bản dịch mô tả đề xuất; cần bác sĩ da liễu duyệt	
Keratolytic winter erythema	Hồng ban mùa đông tiêu sừng	yes	Keratolytic winter erythema			Bản dịch mô tả đề xuất; cần bác sĩ da liễu duyệt	
Keratosis pilaris	Dày sừng nang lông	yes	Keratosis pilaris			Bản dịch mô tả đề xuất; cần bác sĩ da liễu duyệt	
Kerion	Kerion (u nấm dạng áp-xe ở da đầu)	yes	Kerion			Bản dịch mô tả đề xuất; cần bác sĩ da liễu duyệt	
Kyrle disease	Bệnh Kyrle (bệnh sẩn thủng mắc phải)	yes	Kyrle disease			Bản dịch mô tả đề xuất; cần bác sĩ da liễu duyệt	
Leg ulcer	Loét cẳng chân	yes	Leg ulcer			Bản dịch mô tả đề xuất; cần bác sĩ da liễu duyệt	
Leishmaniasis	Bệnh do nhiễm leishmania	yes	Leishmaniasis	B55	Bệnh do nhiễm leishmania	Khớp chính xác danh mục ICD-10 Việt Nam 2026	
Leprosy	Bệnh phong	yes	Leprosy			Bản dịch mô tả đề xuất; cần bác sĩ da liễu duyệt	
Leukaemia cutis	Xâm nhiễm bạch cầu ở da	yes	Xâm nhiễm bạch cầu ở da			Thuật ngữ Việt được đối chiếu nguồn chuyên ngành	Dùng nghĩa xâm nhiễm tế bào bệnh bạch cầu ở da, không hiểu là một loại bạch cầu.
Lichen myxoedematosus	Lichen phù niêm (lichen myxoedematosus)	yes	Lichen myxoedematosus			Bản dịch mô tả đề xuất; cần bác sĩ da liễu duyệt	
Lichen nitidus	Lichen nitidus (lichen hình chuỗi hạt)	yes	Lichen nitidus	L44.1	Liken phẳng thể chấm	Khớp chính xác danh mục ICD-10 Việt Nam 2026; tên Việt được chuẩn hóa lại	Dùng tên quốc tế kèm tên Việt theo danh mục thuật ngữ y tế; tránh display ICD-10 2026 “liken phẳng thể chấm” vì dễ nhầm với lichen planus.
Lichen planus	Lichen phẳng	yes	Lichen planus	L43	Lichen phẳng	Khớp chính xác danh mục ICD-10 Việt Nam 2026	
Lichen simplex	Lichen đơn dạng	yes	Lichen simplex			Bản dịch mô tả đề xuất; cần bác sĩ da liễu duyệt	
Lichenoid keratosis	Dày sừng dạng lichen	yes	Lichenoid keratosis			Bản dịch mô tả đề xuất; cần bác sĩ da liễu duyệt	
Lupus pernio	Lupus pernio (thể sarcoidosis ở da)	yes	Lupus pernio			Bản dịch mô tả đề xuất; cần bác sĩ da liễu duyệt	
Lymphatic malformation	Dị dạng mạch bạch huyết	yes	Lymphatic malformation			Bản dịch mô tả đề xuất; cần bác sĩ da liễu duyệt	
Macroglossia	Lưỡi to (macroglossia)	yes	Macroglossia	Q38.2	Dị tật lưỡi to	Khớp chính xác danh mục ICD-10 Việt Nam 2026; tên Việt được chuẩn hóa lại	
Macular amyloidosis	Amyloidosis dạng dát	yes	Macular amyloidosis			Bản dịch mô tả đề xuất; cần bác sĩ da liễu duyệt	
Maculopapular cutaneous mastocytosis	Bệnh dưỡng bào da dạng dát sẩn	yes	Maculopapular cutaneous mastocytosis			Bản dịch mô tả đề xuất; cần bác sĩ da liễu duyệt	
Madarosis	Rụng lông mi hoặc lông mày (madarosis)	yes	Madarosis			Bản dịch mô tả đề xuất; cần bác sĩ da liễu duyệt	
Majocchi granuloma	U hạt Majocchi	yes				Bản dịch mô tả đề xuất; cần bác sĩ da liễu duyệt	
Malassezia folliculitis	Viêm nang lông do Malassezia	yes	Malassezia folliculitis			Bản dịch mô tả đề xuất; cần bác sĩ da liễu duyệt	
Male pattern hair loss	Rụng tóc kiểu nam	yes	Male pattern hair loss			Bản dịch mô tả đề xuất; cần bác sĩ da liễu duyệt	
Malignant atrophic papulosis	Sẩn teo da ác tính (bệnh Degos)	yes	Malignant atrophic papulosis			Bản dịch mô tả đề xuất; cần bác sĩ da liễu duyệt	
Malignant histiocytoses	Các bệnh mô bào ác tính	yes	Malignant histiocytoses			Bản dịch mô tả đề xuất; cần bác sĩ da liễu duyệt	
Marfan syndrome	Hội chứng Marfan	yes	Marfan syndrome	Q87.4	Hội chứng Marfan	Khớp chính xác danh mục ICD-10 Việt Nam 2026	
Marjolin ulcer	Loét Marjolin	yes	Marjolin ulcer			Bản dịch mô tả đề xuất; cần bác sĩ da liễu duyệt	
Martorell ulcer	Loét Martorell	yes	Martorell ulcer			Bản dịch mô tả đề xuất; cần bác sĩ da liễu duyệt	
Mastocytoma	U dưỡng bào	yes	Mastocytoma			Bản dịch mô tả đề xuất; cần bác sĩ da liễu duyệt	
Measles	Bệnh sởi	yes	Measles	B05	Bệnh sởi	Khớp chính xác danh mục ICD-10 Việt Nam 2026	
Median canaliform nail dystrophy	Loạn dưỡng móng rãnh dọc giữa	yes	Median canaliform nail dystrophy			Bản dịch mô tả đề xuất; cần bác sĩ da liễu duyệt	
Melanocytic naevus	Nốt ruồi tế bào hắc tố	yes	Melanocytic naevus			Bản dịch mô tả đề xuất; cần bác sĩ da liễu duyệt	
Melanoma	U hắc tố ác tính	yes	Melanoma			Bản dịch mô tả đề xuất; cần bác sĩ da liễu duyệt	
Melanoma in situ	Ung thư tế bào hắc tố tại chỗ	yes	Melanoma in situ	D03	Ung thư tế bào hắc tố tại chỗ	Khớp chính xác danh mục ICD-10 Việt Nam 2026	
Melanonychia	Sắc tố móng (melanonychia)	yes	Melanonychia			Bản dịch mô tả đề xuất; cần bác sĩ da liễu duyệt	
Melanotic macule	Dát tăng sắc tố melanotic	yes	Melanotic macule			Bản dịch mô tả đề xuất; cần bác sĩ da liễu duyệt	
Melasma	Nám da	yes	Melasma			Bản dịch mô tả đề xuất; cần bác sĩ da liễu duyệt	
Meningococcal disease	Bệnh do não mô cầu	yes	Meningococcal disease			Bản dịch mô tả đề xuất; cần bác sĩ da liễu duyệt	
Merkel cell carcinoma	Ung thư biểu mô tế bào Merkel	yes	Merkel cell carcinoma			Bản dịch mô tả đề xuất; cần bác sĩ da liễu duyệt	
Metastatic melanoma	U hắc tố ác tính di căn	yes	U hắc tố ác tính di căn			Thuật ngữ Việt được đối chiếu nguồn chuyên ngành	Giữ thuộc tính di căn trong tên tiếng Việt.
Meyerson naevus	Nốt ruồi Meyerson (nốt ruồi kèm viêm da dạng chàm)	yes				Bản dịch mô tả đề xuất; cần bác sĩ da liễu duyệt	
Mid-dermal elastolysis	Tiêu sợi chun trung bì	yes	Mid-dermal elastolysis			Bản dịch mô tả đề xuất; cần bác sĩ da liễu duyệt	
Milium	Hạt kê	yes	Milium			Bản dịch mô tả đề xuất; cần bác sĩ da liễu duyệt	
Milker_s nodule	Nốt sữa (nốt đậu bò)	yes	Milker_s nodule			Bản dịch mô tả đề xuất; cần bác sĩ da liễu duyệt	
Mixed connective tissue disease	Bệnh mô liên kết hỗn hợp	yes	Mixed connective tissue disease			Bản dịch mô tả đề xuất; cần bác sĩ da liễu duyệt	
Molluscum contagiosum	U mềm lây	yes	Molluscum contagiosum	B08.1	U mềm lây	Khớp chính xác danh mục ICD-10 Việt Nam 2026	
Morbilliform drug reaction	Phản ứng thuốc dạng sởi	yes	Morbilliform drug reaction			Bản dịch mô tả đề xuất; cần bác sĩ da liễu duyệt	
Morphoea	Xơ cứng bì khu trú (morphea)	yes	Xơ cứng bì khu trú (morphoea)			Thuật ngữ Việt được đối chiếu ICD-10/Bộ Y tế	Xơ cứng bì khu trú nói chung; không thu hẹp thành thể đường chém.
Morphoea en coup de sabre	Xơ cứng bì khu trú thể tuyến tính dạng đường chém (en coup de sabre)	yes				Bản dịch mô tả đề xuất; cần bác sĩ da liễu duyệt	Giữ rõ thể tuyến tính dạng đường chém, là thể cụ thể của xơ cứng bì khu trú.
Mucocoele of the lip	Nang nhầy môi	yes	Mucocoele of the lip			Bản dịch mô tả đề xuất; cần bác sĩ da liễu duyệt	
Multicentric reticulohistiocytosis	Bệnh mô bào lưới đa trung tâm	yes	Multicentric reticulohistiocytosis			Bản dịch mô tả đề xuất; cần bác sĩ da liễu duyệt	
Multiple self-healing squamous epitheliomas of Ferguson-Smith	Nhiều ung thư biểu mô tế bào vảy tự thoái lui thể Ferguson–Smith	yes	Multiple self-healing squamous epitheliomas of Ferguson-Smith			Bản dịch mô tả đề xuất; cần bác sĩ da liễu duyệt	
Mycetoma	Mycetoma (bệnh nhiễm trùng mô dưới da do nấm hoặc vi khuẩn)	yes		B47	Bệnh u bướu do nhiễm nấm	Giữ tên quốc tế; ICD-10 VN 2026 có display tiếng Việt hẹp hơn	Mycetoma gồm eumycetoma do nấm và actinomycetoma do vi khuẩn; display ICD-10 VN “bệnh u bướu do nhiễm nấm” không bao quát thể do vi khuẩn.
Mycoplasma pneumoniae infection	Nhiễm Mycoplasma pneumoniae	yes	Mycoplasma pneumoniae infection			Bản dịch mô tả đề xuất; cần bác sĩ da liễu duyệt	
Mycosis fungoides	U sùi dạng nấm	yes	U sùi dạng nấm (Mycosis fungoides)	C84.0	U sùi dạng nấm	Khớp chính xác danh mục ICD-10 Việt Nam 2026	
Myxoma syndrome	Hội chứng myxoma	yes				Bản dịch mô tả đề xuất; cần bác sĩ da liễu duyệt	
Naevus anaemicus	Bớt thiếu máu	yes	Naevus anaemicus			Bản dịch mô tả đề xuất; cần bác sĩ da liễu duyệt	
Naevus depigmentosus	Bớt giảm sắc tố	yes	Naevus depigmentosus			Bản dịch mô tả đề xuất; cần bác sĩ da liễu duyệt	
Naevus flammeus simplex	Bớt hồng đơn giản (nevus flammeus simplex)	yes				Bản dịch mô tả đề xuất; cần bác sĩ da liễu duyệt	
Naevus of Ito and naevus of Hori	Bớt Ito và bớt Hori	no	Naevus of Ito and naevus of Hori			Bản dịch mô tả đề xuất; cần bác sĩ da liễu duyệt	
Naevus of Ota	Bớt Ota	no	Naevus of Ota			Bản dịch mô tả đề xuất; cần bác sĩ da liễu duyệt	
Naevus of Ota, naevus of Ito and naevus of Hori	Bớt Ota, bớt Ito và bớt Hori	yes				Bản dịch mô tả đề xuất; cần bác sĩ da liễu duyệt	
Napkin dermatitis	Viêm da vùng tã	yes	Napkin dermatitis			Bản dịch mô tả đề xuất; cần bác sĩ da liễu duyệt	
Necrobiosis lipoidica	Hoại tử dạng mỡ (necrobiosis lipoidica)	yes	Necrobiosis lipoidica			Bản dịch mô tả đề xuất; cần bác sĩ da liễu duyệt	
Necrolytic migratory erythema	Hồng ban hoại tử di chuyển	yes	Necrolytic migratory erythema			Bản dịch mô tả đề xuất; cần bác sĩ da liễu duyệt	
Necrotising fasciitis	Viêm cân mạc hoại tử	yes	Necrotising fasciitis			Bản dịch mô tả đề xuất; cần bác sĩ da liễu duyệt	
Neonatal lupus	Lupus sơ sinh	yes	Neonatal lupus			Bản dịch mô tả đề xuất; cần bác sĩ da liễu duyệt	
Neonatal subcutaneous fat necrosis	Hoại tử mỡ dưới da ở trẻ sơ sinh	yes	Neonatal subcutaneous fat necrosis			Bản dịch mô tả đề xuất; cần bác sĩ da liễu duyệt	
Neurofibromatosis	Bệnh u xơ thần kinh	yes	Neurofibromatosis			Đối chiếu cách dùng của Bộ Y tế	Dùng tên bệnh “u xơ thần kinh”; tránh cách gọi dễ bị hiểu là chỉ một u neurofibroma đơn lẻ.
Nevus comedonicus	Bớt dạng nhân trứng cá (nevus comedonicus)	yes	Nevus comedonicus			Bản dịch mô tả đề xuất; cần bác sĩ da liễu duyệt	
Niacin deficiency	Thiếu niacin	yes	Niacin deficiency			Bản dịch mô tả đề xuất; cần bác sĩ da liễu duyệt	
Nickel allergy	Dị ứng niken	yes	Nickel allergy			Bản dịch mô tả đề xuất; cần bác sĩ da liễu duyệt	
Nicotine stomatitis	Viêm miệng do thuốc lá	yes				Bản dịch mô tả đề xuất; cần bác sĩ da liễu duyệt	
Nipple eczema	Chàm núm vú	yes	Nipple eczema			Bản dịch mô tả đề xuất; cần bác sĩ da liễu duyệt	
Nodular chondrodermatitis	Viêm sụn da dạng nốt (thường ở vành tai)	yes	Nodular chondrodermatitis			Bản dịch mô tả đề xuất; cần bác sĩ da liễu duyệt	
Nodular lymphangitis	Viêm mạch bạch huyết dạng nốt	yes	Nodular lymphangitis			Bản dịch mô tả đề xuất; cần bác sĩ da liễu duyệt	
Nodular melanoma	U hắc tố ác tính dạng nốt	yes				Bản dịch mô tả đề xuất; cần bác sĩ da liễu duyệt	
Non-albicans candida infections	Nhiễm Candida không phải C. albicans	yes	Non-albicans candida infections			Bản dịch mô tả đề xuất; cần bác sĩ da liễu duyệt	
Non-sexually acquired genital ulceration	Loét sinh dục không do lây truyền qua đường tình dục	yes	Non-sexually acquired genital ulceration			Bản dịch mô tả đề xuất; cần bác sĩ da liễu duyệt	
Noonan syndrome with multiple lentigines	Hội chứng Noonan kèm nhiều lentigo (LEOPARD)	yes	Noonan syndrome with multiple lentigines			Bản dịch mô tả đề xuất; cần bác sĩ da liễu duyệt	
Notalgia paraesthetica	Dị cảm vùng lưng (notalgia paraesthetica)	yes				Bản dịch mô tả đề xuất; cần bác sĩ da liễu duyệt	
Nummular eczematous dermatitis	Viêm da dạng đồng tiền	yes	Nummular eczematous dermatitis			Bản dịch mô tả đề xuất; cần bác sĩ da liễu duyệt	
Ocular melanoma	U hắc tố ác tính ở mắt	yes	U hắc tố ác tính ở mắt			Thuật ngữ Việt được đối chiếu nguồn chuyên ngành	Giữ vị trí ở mắt; không rút gọn thành u hắc tố ác tính nói chung.
Onychocryptosis	Móng quặp	yes	Onychocryptosis			Bản dịch mô tả đề xuất; cần bác sĩ da liễu duyệt	
Onychogryphosis	Móng dày và cong	yes	Onychogryphosis	L60.2	Móng dày và cong	Khớp chính xác danh mục ICD-10 Việt Nam 2026	
Onychomycosis	Nấm móng	yes	Onychomycosis			Bản dịch mô tả đề xuất; cần bác sĩ da liễu duyệt	
Onychopapilloma	U nhú móng	yes	Onychopapilloma			Bản dịch mô tả đề xuất; cần bác sĩ da liễu duyệt	
Oral allergy syndrome	Hội chứng dị ứng miệng	yes	Oral allergy syndrome			Bản dịch mô tả đề xuất; cần bác sĩ da liễu duyệt	
Oral candidiasis	Nhiễm Candida ở miệng	yes	Oral candidiasis			Bản dịch mô tả đề xuất; cần bác sĩ da liễu duyệt	
Oral mucositis - Stomatitis	Viêm niêm mạc miệng / viêm miệng	yes	Oral mucositis - Stomatitis			Bản dịch mô tả đề xuất; cần bác sĩ da liễu duyệt	
Oral squamous cell carcinoma	Ung thư biểu mô tế bào vảy khoang miệng	yes	Oral squamous cell carcinoma			Bản dịch mô tả đề xuất; cần bác sĩ da liễu duyệt	
Orf	Bệnh Orf	yes	Orf			Bản dịch mô tả đề xuất; cần bác sĩ da liễu duyệt	
Ornithonyssosis	Viêm da do mạt chim	yes				Bản dịch mô tả đề xuất; cần bác sĩ da liễu duyệt	
Orofacial granulomatosis	U hạt vùng miệng và mặt	yes	Orofacial granulomatosis			Bản dịch mô tả đề xuất; cần bác sĩ da liễu duyệt	
Osteoma cutis	Cốt hóa da (osteoma cutis)	yes	Osteoma cutis			Bản dịch mô tả đề xuất; cần bác sĩ da liễu duyệt	
Pachydermodactyly	Dày da ngón tay (pachydermodactyly)	yes	Pachydermodactyly			Bản dịch mô tả đề xuất; cần bác sĩ da liễu duyệt	
Pachyonychia congenita	Dày móng bẩm sinh	yes	Pachyonychia congenita			Bản dịch mô tả đề xuất; cần bác sĩ da liễu duyệt	
Palmar fascial fibromatosis	Xơ hóa cân gan bàn tay (bệnh Dupuytren)	yes	Palmar fascial fibromatosis			Bản dịch mô tả đề xuất; cần bác sĩ da liễu duyệt	
Palmoplantar keratoderma	Dày sừng lòng bàn tay và lòng bàn chân	yes	Palmoplantar keratoderma			Bản dịch mô tả đề xuất; cần bác sĩ da liễu duyệt	
Palmoplantar pustulosis	Mụn mủ lòng bàn tay và lòng bàn chân	yes	Palmoplantar pustulosis			Bản dịch mô tả đề xuất; cần bác sĩ da liễu duyệt	
Panniculitis	Viêm mô mỡ dưới da	yes	Panniculitis			Bản dịch mô tả đề xuất; cần bác sĩ da liễu duyệt	
Papular acrodermatitis of childhood	Viêm da đầu chi dạng sẩn ở trẻ em (hội chứng Gianotti–Crosti)	yes	Papular acrodermatitis of childhood			Bản dịch mô tả đề xuất; cần bác sĩ da liễu duyệt	
Papular mucinosis	Bệnh lắng đọng mucin dạng sẩn	yes	Papular mucinosis			Bản dịch mô tả đề xuất; cần bác sĩ da liễu duyệt	
Papular urticaria	Mày đay dạng sẩn	yes	Papular urticaria			Bản dịch mô tả đề xuất; cần bác sĩ da liễu duyệt	
Parakeratosis pustulosa	Cận sừng mụn mủ	yes	Parakeratosis pustulosa			Bản dịch mô tả đề xuất; cần bác sĩ da liễu duyệt	
Paraneoplastic acrokeratosis	Dày sừng đầu chi cận ung thư (hội chứng Bazex)	yes	Paraneoplastic acrokeratosis			Bản dịch mô tả đề xuất; cần bác sĩ da liễu duyệt	
Paronychia	Viêm quanh móng	yes	Paronychia			Bản dịch mô tả đề xuất; cần bác sĩ da liễu duyệt	
Parvo B19 infection	Nhiễm parvovirus B19	yes	Parvo B19 infection			Bản dịch mô tả đề xuất; cần bác sĩ da liễu duyệt	
Pearly penile papules	Sẩn ngọc dương vật	yes	Pearly penile papules			Bản dịch mô tả đề xuất; cần bác sĩ da liễu duyệt	
Pediculosis capitis	Chấy đầu	yes	Pediculosis capitis			Bản dịch mô tả đề xuất; cần bác sĩ da liễu duyệt	
Pellagra	Bệnh pellagra (thiếu niacin)	yes	Pellagra			Bản dịch mô tả đề xuất; cần bác sĩ da liễu duyệt	
Pemphigoid gestationis	Pemphigoid thai kỳ	yes	Pemphigoid gestationis			Bản dịch mô tả đề xuất; cần bác sĩ da liễu duyệt	
Pemphigus foliaceus	Bệnh pemphigus vảy lá	yes	Pemphigus foliaceus	L10.2	Bệnh pemphigus vảy lá	Khớp chính xác danh mục ICD-10 Việt Nam 2026	
Pemphigus vulgaris	Bệnh pemphigus thông thường	yes	Pemphigus vulgaris	L10.0	Bệnh pemphigus thông thường	Khớp chính xác danh mục ICD-10 Việt Nam 2026	
Penile epithelial neoplasia	Tân sinh biểu mô dương vật	yes	Penile epithelial neoplasia			Bản dịch mô tả đề xuất; cần bác sĩ da liễu duyệt	
Periarteritis nodosa	Viêm đa động mạch nút	yes	Periarteritis nodosa			Bản dịch mô tả đề xuất; cần bác sĩ da liễu duyệt	
Periorificial dermatitis	Viêm da quanh các lỗ tự nhiên	yes	Periorificial dermatitis			Bản dịch mô tả đề xuất; cần bác sĩ da liễu duyệt	
PHACE syndrome	Hội chứng PHACE	yes	PHACE syndrome			Bản dịch mô tả đề xuất; cần bác sĩ da liễu duyệt	
Piebaldism	Bạch thể bẩm sinh (piebaldism)	yes	Piebaldism			Bản dịch mô tả đề xuất; cần bác sĩ da liễu duyệt	
Piezogenic papules	Sẩn mỡ do áp lực (piezogenic papules)	yes	Piezogenic papules			Bản dịch mô tả đề xuất; cần bác sĩ da liễu duyệt	
Pigmented purpura	Ban xuất huyết sắc tố	yes	Pigmented purpura			Bản dịch mô tả đề xuất; cần bác sĩ da liễu duyệt	
Pilar cyst	Nang chân tóc	yes	Pilar cyst			Bản dịch mô tả đề xuất; cần bác sĩ da liễu duyệt	
Pilomatricoma	U pilomatrix (pilomatricoma)	yes	Pilomatricoma			Bản dịch mô tả đề xuất; cần bác sĩ da liễu duyệt	
Pilonidal disease	Bệnh xoang lông vùng cùng cụt	yes	Pilonidal disease			Thuật ngữ Việt đối chiếu tài liệu y khoa	Dùng “xoang lông” để chỉ pilonidal disease/sinus; giữ vị trí vùng cùng cụt khi nói về dạng thường gặp.
Pityriasis alba	Vảy phấn trắng [chàm khô]	yes	Pityriasis alba	L30.5	Vảy phấn trắng [chàm khô]	Khớp chính xác danh mục ICD-10 Việt Nam 2026	
Pityriasis amiantacea	Vảy phấn amiăng	yes	Pityriasis amiantacea			Bản dịch mô tả đề xuất; cần bác sĩ da liễu duyệt	
Pityriasis rubra pilaris	Bệnh vảy phấn đỏ nang lông	yes	Pityriasis rubra pilaris	L44.0	Bệnh vảy phấn đỏ nang lông	Khớp chính xác danh mục ICD-10 Việt Nam 2026	
Pityriasis versicolor	Bệnh lang ben	yes	Pityriasis versicolor	B36.0	Bệnh lang ben	Khớp chính xác danh mục ICD-10 Việt Nam 2026	
Plasma cell balanitis_vulvitis	Viêm quy đầu hoặc âm hộ tế bào plasma	yes	Plasma cell balanitis_vulvitis			Bản dịch mô tả đề xuất; cần bác sĩ da liễu duyệt	
Plasmacytoma	U tương bào	yes	Plasmacytoma			Bản dịch mô tả đề xuất; cần bác sĩ da liễu duyệt	
Poikiloderma of Civatte	Bệnh da loang lổ vùng cổ	yes	Poikiloderma of Civatte	L57.3	Bệnh da loang lổ vùng cổ	Khớp chính xác danh mục ICD-10 Việt Nam 2026	
Poliosis	Bạc lông khu trú (poliosis)	yes	Poliosis			Bản dịch mô tả đề xuất; cần bác sĩ da liễu duyệt	
Polycystic ovary syndrome	Hội chứng buồng trứng đa nang	yes	Polycystic ovary syndrome			Bản dịch mô tả đề xuất; cần bác sĩ da liễu duyệt	
Polymorphic eruption of pregnancy	Ban đa dạng thai kỳ	yes	Polymorphic eruption of pregnancy			Bản dịch mô tả đề xuất; cần bác sĩ da liễu duyệt	
Polymorphic light eruption	Ban đa dạng do ánh sáng	yes	Polymorphic light eruption			Bản dịch mô tả đề xuất; cần bác sĩ da liễu duyệt	
Polythelia	Đa núm vú	yes	Polythelia			Bản dịch mô tả đề xuất; cần bác sĩ da liễu duyệt	
Porphyria cutanea tarda	Rối loạn chuyển hoá porphyrin biểu hiện muộn ở da	yes	Porphyria cutanea tarda	E80.1	Rối loạn chuyển hoá porphyrin biểu hiện muộn ở da	Khớp chính xác danh mục ICD-10 Việt Nam 2026	
Porphyria variegata	Rối loạn chuyển hóa porphyrin thể hỗn hợp (porphyria variegata)	yes	Porphyria variegata			Bản dịch mô tả đề xuất; cần bác sĩ da liễu duyệt	
Postinflammatory hyperpigmentation	Tăng sắc tố sau viêm	yes	Postinflammatory hyperpigmentation	L81.0	Tăng sắc tố sau viêm	Khớp chính xác danh mục ICD-10 Việt Nam 2026	
Pressure ulcer	Loét do tỳ đè	yes	Pressure ulcer			Bản dịch mô tả đề xuất; cần bác sĩ da liễu duyệt	
Pretibial myxoedema	Phù niêm trước xương chày	yes	Pretibial myxoedema			Bản dịch mô tả đề xuất; cần bác sĩ da liễu duyệt	
Progressive macular hypomelanosis	Giảm sắc tố dạng dát tiến triển	yes	Progressive macular hypomelanosis			Bản dịch mô tả đề xuất; cần bác sĩ da liễu duyệt	
Prurigo	Sẩn ngứa (prurigo)	yes	Prurigo			Bản dịch mô tả đề xuất; cần bác sĩ da liễu duyệt	
Pruritic urticarial papules and plaques of pregnancy	Sẩn và mảng mày đay ngứa trong thai kỳ	yes	Pruritic urticarial papules and plaques of pregnancy			Bản dịch mô tả đề xuất; cần bác sĩ da liễu duyệt	
Pruritus	Ngứa	yes		L29	Ngứa	Khớp chính xác danh mục ICD-10 Việt Nam 2026	
Pseudofolliculitis barbae	Giả viêm nang lông vùng râu (do lông mọc ngược)	yes	Pseudofolliculitis barbae	L73.1	Viêm nang râu	Đối chiếu ICD-10 VN và danh mục thuật ngữ Bộ Y tế; làm rõ nghĩa “giả”	Là phản ứng viêm do lông mọc ngược, khác viêm nang râu/nang lông do nhiễm khuẩn. Display ICD-10 VN 2026: “viêm nang râu”.
Pseudopelade of Brocq	Giả rụng tóc thể Brocq	yes	Pseudopelade of Brocq			Bản dịch mô tả đề xuất; cần bác sĩ da liễu duyệt	
Pseudoporphyria	Giả rối loạn chuyển hóa porphyrin	yes	Pseudoporphyria			Bản dịch mô tả đề xuất; cần bác sĩ da liễu duyệt	
Psoriasis	Bệnh vảy nến	yes	Psoriasis	L40	Bệnh vảy nến	Khớp chính xác danh mục ICD-10 Việt Nam 2026	
Psoriatic arthritis	Viêm khớp vảy nến	yes	Psoriatic arthritis			Bản dịch mô tả đề xuất; cần bác sĩ da liễu duyệt	
Purpura	Ban xuất huyết (purpura)	yes	Ban xuất huyết (purpura)			Thuật ngữ Việt được đối chiếu nguồn chuyên ngành	Giữ nghĩa rộng là ban xuất huyết; không đổi thành ban xuất huyết Henoch–Schönlein.
Pyoderma	Viêm da mủ	yes	Pyoderma	L08.0	Viêm da mủ	Khớp chính xác danh mục ICD-10 Việt Nam 2026	
Pyogenic granuloma	U hạt sinh mủ	yes	Pyogenic granuloma	L98.0	U hạt sinh mủ	Khớp chính xác danh mục ICD-10 Việt Nam 2026	
Radiation dermatitis	Viêm da do tia xạ	yes	Radiation dermatitis			Bản dịch mô tả đề xuất; cần bác sĩ da liễu duyệt	
Ramsay Hunt syndrome	Hội chứng Ramsay Hunt	yes	Ramsay Hunt syndrome			Bản dịch mô tả đề xuất; cần bác sĩ da liễu duyệt	
Ranula	Nang nhầy sàn miệng (ranula)	yes	Nang nhầy sàn miệng (ranula)			Bản dịch mô tả đề xuất; cần bác sĩ da liễu duyệt	
Raynaud phenomenon	Hiện tượng Raynaud	yes	Raynaud phenomenon			Bản dịch mô tả đề xuất; cần bác sĩ da liễu duyệt	
Recessive dystrophic epidermolysis bullosa	Ly thượng bì bọng nước thể loạn dưỡng lặn	yes				Bản dịch mô tả đề xuất; cần bác sĩ da liễu duyệt	
Recessive X-linked ichthyosis	Bệnh da vảy cá liên kết X thể lặn	yes	Recessive X-linked ichthyosis			Bản dịch mô tả đề xuất; cần bác sĩ da liễu duyệt	
Reed syndrome	Hội chứng Reed (u cơ trơn da và tử cung)	yes	Reed syndrome			Bản dịch mô tả đề xuất; cần bác sĩ da liễu duyệt	
Remitting seronegative symmetrical synovitis with pitting oedema	Viêm màng hoạt dịch đối xứng huyết thanh âm tính thuyên giảm kèm phù lõm (RS3PE)	yes	Remitting seronegative symmetrical synovitis with pitting oedema			Bản dịch mô tả đề xuất; cần bác sĩ da liễu duyệt	
Reticular erythematous mucinosis	Ban đỏ dạng lưới do lắng đọng mucin	yes	Reticular erythematous mucinosis			Bản dịch mô tả đề xuất; cần bác sĩ da liễu duyệt	
Reticulohistiocytosis	Bệnh mô bào lưới	yes	Bệnh mô bào lưới (reticulohistiocytosis)			Bản dịch mô tả đề xuất; cần bác sĩ da liễu duyệt	
Rheumatic fever	Thấp khớp cấp	yes	Rheumatic fever			Bản dịch mô tả đề xuất; cần bác sĩ da liễu duyệt	
Rhinophyma	Bệnh mũi sư tử	yes	Rhinophyma	L71.1	Bệnh mũi sư tử	Khớp chính xác danh mục ICD-10 Việt Nam 2026	
Rosacea	Trứng cá đỏ	yes	Rosacea	L71	Trứng cá đỏ	Khớp chính xác danh mục ICD-10 Việt Nam 2026	
Roseola	Ban đào	yes	Roseola			Bản dịch mô tả đề xuất; cần bác sĩ da liễu duyệt	
Ross syndrome	Hội chứng Ross	yes	Ross syndrome			Bản dịch mô tả đề xuất; cần bác sĩ da liễu duyệt	
Rothmund-Thomson syndrome	Hội chứng Rothmund–Thomson	yes	Rothmund-Thomson syndrome			Bản dịch mô tả đề xuất; cần bác sĩ da liễu duyệt	
Rubella	Rubella (sởi Đức)	yes	Rubella			Bản dịch mô tả đề xuất; cần bác sĩ da liễu duyệt	
Sarcoidosis	Bệnh sarcoid (sarcoidosis)	yes	Sarcoidosis	D86	Bệnh u hạt	Tên Việt làm rõ bệnh danh; ICD-10 VN 2026 có display khái quát	Display ICD-10 VN 2026 là “bệnh u hạt”; giữ “sarcoid” trong tên chuẩn hóa để tránh nhầm với các bệnh u hạt khác.
Scabies	Bệnh ghẻ	yes	Scabies	B86	Bệnh ghẻ	Khớp chính xác danh mục ICD-10 Việt Nam 2026	
Scarlatina	Tinh hồng nhiệt	yes	Scarlatina			Bản dịch mô tả đề xuất; cần bác sĩ da liễu duyệt	
Scurvy	Bệnh scorbut (thiếu vitamin C)	yes	Scurvy			Bản dịch mô tả đề xuất; cần bác sĩ da liễu duyệt	
Sebaceous carcinoma	Ung thư biểu mô tuyến bã	yes	Sebaceous carcinoma			Bản dịch mô tả đề xuất; cần bác sĩ da liễu duyệt	
Sebaceous hyperplasia	Tăng sản tuyến bã	yes	Sebaceous hyperplasia			Bản dịch mô tả đề xuất; cần bác sĩ da liễu duyệt	
Sneddon syndrome	Hội chứng Sneddon	yes	Sneddon syndrome			Bản dịch mô tả đề xuất; cần bác sĩ da liễu duyệt	
Solar lentigo	Lentigo do nắng	yes	Lentigo do nắng			Thuật ngữ Việt được đối chiếu nguồn chuyên ngành	Dùng lentigo do nắng; không thêm “không điển hình” nếu tên nguồn không có atypical.
Solar urticaria	Bệnh mày đay do ánh nắng	yes	Solar urticaria	L56.3	Bệnh mày đay do ánh nắng	Khớp chính xác danh mục ICD-10 Việt Nam 2026	
Spider angioma	U mạch mạng nhện	yes	Spider angioma			Bản dịch mô tả đề xuất; cần bác sĩ da liễu duyệt	
Squamous cell carcinoma	Ung thư biểu mô tế bào vảy	yes	Ung thư biểu mô tế bào vảy			Bản dịch mô tả đề xuất; cần bác sĩ da liễu duyệt	
Steatocystoma multiplex	Đa u nang tuyến bã	yes	Steatocystoma multiplex	L72.2	Đa u nang tuyến bã	Khớp chính xác danh mục ICD-10 Việt Nam 2026	
Subungual exostosis	Lồi xương dưới móng	yes	Subungual exostosis			Bản dịch mô tả đề xuất; cần bác sĩ da liễu duyệt	
Sunburn	Bỏng [cháy] nắng	yes	Sunburn	L55	Bỏng [cháy] nắng	Khớp chính xác danh mục ICD-10 Việt Nam 2026	
Superficial thrombophlebitis	Viêm tắc tĩnh mạch nông	yes	Superficial thrombophlebitis			Bản dịch mô tả đề xuất; cần bác sĩ da liễu duyệt	
Swimmer_s itch	Viêm da do ấu trùng sán máng khi bơi	yes	Swimmer_s itch			Bản dịch mô tả đề xuất; cần bác sĩ da liễu duyệt	
Syphilis	Bệnh giang mai	yes	Syphilis			Bản dịch mô tả đề xuất; cần bác sĩ da liễu duyệt	
Systemic lupus erythematosus	Bệnh lupus ban đỏ hệ thống	yes	Systemic lupus erythematosus	M32	Bệnh lupus ban đỏ hệ thống	Khớp chính xác danh mục ICD-10 Việt Nam 2026	
Systemic sclerosis	Bệnh xơ cứng bì toàn thể	yes	Systemic sclerosis	M34	Bệnh xơ cứng bì toàn thể	Khớp chính xác danh mục ICD-10 Việt Nam 2026	
Sézary syndrome	Hội chứng Sézary	yes	Sézary syndrome			Bản dịch mô tả đề xuất; cần bác sĩ da liễu duyệt	
Telangiectasia	Giãn mao mạch	yes	Giãn mao mạch			Thuật ngữ Việt được đối chiếu nguồn chuyên ngành	Chỉ ghi giãn mao mạch; không thêm thuộc tính di truyền nếu tên nguồn không nêu.
Thromboangiitis obliterans	Viêm tắc mạch huyết khối (bệnh Buerger)	yes				Bản dịch mô tả đề xuất; cần bác sĩ da liễu duyệt	
Tinea barbae	Nấm da vùng râu	yes	Tinea barbae			Bản dịch mô tả đề xuất; cần bác sĩ da liễu duyệt	
Tinea capitis	Nấm da đầu	yes	Tinea capitis			Bản dịch mô tả đề xuất; cần bác sĩ da liễu duyệt	
Tinea corporis	Bệnh nấm da thân	yes	Tinea corporis	B35.4	Bệnh nấm da thân	Khớp chính xác danh mục ICD-10 Việt Nam 2026	
Tinea cruris	Nấm bẹn	yes	Tinea cruris			Bản dịch mô tả đề xuất; cần bác sĩ da liễu duyệt	
Tinea faciei	Nấm da mặt	yes	Tinea faciei			Bản dịch mô tả đề xuất; cần bác sĩ da liễu duyệt	
Tinea incognita	Nấm da biến dạng do corticosteroid (tinea incognito)	yes	Tinea incognita			Bản dịch mô tả đề xuất; cần bác sĩ da liễu duyệt	
Tinea manuum	Bệnh nấm da bàn tay	yes	Tinea manuum	B35.2	Bệnh nấm da bàn tay	Khớp chính xác danh mục ICD-10 Việt Nam 2026	
Tinea pedis	Bệnh nấm da chân	yes	Tinea pedis	B35.3	Bệnh nấm da chân	Khớp chính xác danh mục ICD-10 Việt Nam 2026	
Topical corticosteroid withdrawal	Hội chứng cai corticosteroid bôi	yes	Topical corticosteroid withdrawal			Bản dịch mô tả đề xuất; cần bác sĩ da liễu duyệt	
Toxic erythema of the newborn	Ban đỏ nhiễm độc ở trẻ sơ sinh	yes	Toxic erythema of the newborn			Bản dịch mô tả đề xuất; cần bác sĩ da liễu duyệt	
Traction alopecia	Rụng tóc do kéo căng	yes	Traction alopecia			Bản dịch mô tả đề xuất; cần bác sĩ da liễu duyệt	
Transient lingual papillitis	Viêm gai lưỡi thoáng qua	yes	Transient lingual papillitis			Bản dịch mô tả đề xuất; cần bác sĩ da liễu duyệt	
Transient neonatal pustular melanosis	Tăng sắc tố mụn mủ sơ sinh thoáng qua	yes	Transient neonatal pustular melanosis			Bản dịch mô tả đề xuất; cần bác sĩ da liễu duyệt	
Triangular alopecia	Rụng tóc hình tam giác	yes	Triangular alopecia			Bản dịch mô tả đề xuất; cần bác sĩ da liễu duyệt	
Trichomycosis axillaris	Nhiễm khuẩn thân lông vùng nách (trichomycosis axillaris)	yes				Bản dịch mô tả đề xuất; cần bác sĩ da liễu duyệt	
Trichotillomania	Chứng giật tóc	yes	Trichotillomania	F63.3	Chứng giật tóc	Khớp chính xác danh mục ICD-10 Việt Nam 2026	
Tuberous sclerosis	Bệnh xơ cứng củ	yes	Tuberous sclerosis	Q85.1	Bệnh xơ cứng củ	Khớp chính xác danh mục ICD-10 Việt Nam 2026	
Urticaria	Bệnh mày đay	yes	Mày đay	L50	Bệnh mày đay	Khớp chính xác danh mục ICD-10 Việt Nam 2026	
Urticarial vasculitis	Viêm mạch mày đay	yes	Viêm mạch mày đay			Thuật ngữ Việt được đối chiếu nguồn chuyên ngành	Viêm mạch mày đay là bệnh riêng, không đồng nghĩa mày đay thông thường.
Varicose veins	Giãn tĩnh mạch	yes	Varicose veins			Bản dịch mô tả đề xuất; cần bác sĩ da liễu duyệt	
Venous eczema	Chàm do suy tĩnh mạch	yes	Venous eczema			Bản dịch mô tả đề xuất; cần bác sĩ da liễu duyệt	
Venous lake	Hồ tĩnh mạch	yes	Venous lake			Bản dịch mô tả đề xuất; cần bác sĩ da liễu duyệt	
Vitiligo	Bệnh bạch biến	yes	Vitiligo	L80	Bệnh bạch biến	Khớp chính xác danh mục ICD-10 Việt Nam 2026	
Vulval intraepithelial neoplasia	Tân sinh trong biểu mô âm hộ	yes	Vulval intraepithelial neoplasia			Bản dịch mô tả đề xuất; cần bác sĩ da liễu duyệt	
Vulvovaginal candidiasis	Nhiễm Candida âm hộ – âm đạo	yes	Vulvovaginal candidiasis			Bản dịch mô tả đề xuất; cần bác sĩ da liễu duyệt	
Whipple disease	Bệnh Whipple	yes	Whipple disease			Bản dịch mô tả đề xuất; cần bác sĩ da liễu duyệt	
Winter itch	Ngứa mùa đông	yes				Bản dịch mô tả đề xuất; cần bác sĩ da liễu duyệt	
Wound infection	Nhiễm trùng vết thương	yes	Wound infection			Bản dịch mô tả đề xuất; cần bác sĩ da liễu duyệt	
X linked ichthyosis	Bệnh da vẩy cá liên quan đến nhiễm sắc thể X	yes	X linked ichthyosis	Q80.1	Bệnh da vẩy cá liên quan đến nhiễm sắc thể X	Khớp chính xác danh mục ICD-10 Việt Nam 2026	
Xanthoma	U vàng	yes	Xanthoma			Bản dịch mô tả đề xuất; cần bác sĩ da liễu duyệt	
Xeroderma pigmentosum	Bệnh khô da sắc tố	yes	Xeroderma pigmentosum	Q82.1	Bệnh khô da sắc tố	Khớp chính xác danh mục ICD-10 Việt Nam 2026	
Zygomycosis	Bệnh nhiễm nấm zygomycetes	yes	Zygomycosis	B46	Bệnh nhiễm nấm zygomycetes	Khớp chính xác danh mục ICD-10 Việt Nam 2026	
