group_id,scope,remove,keep,reason
G006,within_folder,Erythema annulare centrifugum/annular-erythema-02-v2.jpg,Erythema annulare centrifugum/annular-erythema-02.jpg,"Identical decoded pixels and same folder. Prefer source-linked/descriptive filename, no v2 suffix, then preserve richer original file metadata."
G017,within_folder,Nummular eczematous dermatitis/discoid-eczema-day-14-v2.jpg,Nummular eczematous dermatitis/discoid-eczema-day-14.jpg,"Identical decoded pixels and same folder. Prefer source-linked/descriptive filename, no v2 suffix, then preserve richer original file metadata."
G018,within_folder,Nummular eczematous dermatitis/discoid-eczema-day-2-v2.jpg,Nummular eczematous dermatitis/discoid-eczema-day-2.jpg,"Identical decoded pixels and same folder. Prefer source-linked/descriptive filename, no v2 suffix, then preserve richer original file metadata."
G019,within_folder,Nummular eczematous dermatitis/discoid-eczema-day-6-v2.jpg,Nummular eczematous dermatitis/discoid-eczema-day-6.jpg,"Identical decoded pixels and same folder. Prefer source-linked/descriptive filename, no v2 suffix, then preserve richer original file metadata."
G020,within_folder,Nummular eczematous dermatitis/nummular-eczema45.jpg,Nummular eczematous dermatitis/nummular-eczema43.jpg,"Identical decoded pixels and same folder. Prefer source-linked/descriptive filename, no v2 suffix, then preserve richer original file metadata."
G035,within_folder,Pityriasis rubra pilaris/15.jpg,Pityriasis rubra pilaris/prp1.jpg,"Identical decoded pixels and same folder. Prefer source-linked/descriptive filename, no v2 suffix, then preserve richer original file metadata."
G036,within_folder,Pityriasis rubra pilaris/16.jpg,Pityriasis rubra pilaris/prp10.jpg,"Identical decoded pixels and same folder. Prefer source-linked/descriptive filename, no v2 suffix, then preserve richer original file metadata."
G037,within_folder,Pityriasis rubra pilaris/17.jpg,Pityriasis rubra pilaris/prp11.jpg,"Identical decoded pixels and same folder. Prefer source-linked/descriptive filename, no v2 suffix, then preserve richer original file metadata."
G038,within_folder,Pityriasis rubra pilaris/18.jpg,Pityriasis rubra pilaris/prp12.jpg,"Identical decoded pixels and same folder. Prefer source-linked/descriptive filename, no v2 suffix, then preserve richer original file metadata."
G039,within_folder,Pityriasis rubra pilaris/19.jpg,Pityriasis rubra pilaris/prp13.jpg,"Identical decoded pixels and same folder. Prefer source-linked/descriptive filename, no v2 suffix, then preserve richer original file metadata."
G040,within_folder,Pityriasis rubra pilaris/20.jpg,Pityriasis rubra pilaris/prp2.jpg,"Identical decoded pixels and same folder. Prefer source-linked/descriptive filename, no v2 suffix, then preserve richer original file metadata."
G041,within_folder,Pityriasis rubra pilaris/21.jpg,Pityriasis rubra pilaris/prp3.jpg,"Identical decoded pixels and same folder. Prefer source-linked/descriptive filename, no v2 suffix, then preserve richer original file metadata."
G042,within_folder,Pityriasis rubra pilaris/23.jpg,Pityriasis rubra pilaris/prp4.jpg,"Identical decoded pixels and same folder. Prefer source-linked/descriptive filename, no v2 suffix, then preserve richer original file metadata."
G043,within_folder,Pityriasis rubra pilaris/24.jpg,Pityriasis rubra pilaris/prp5.jpg,"Identical decoded pixels and same folder. Prefer source-linked/descriptive filename, no v2 suffix, then preserve richer original file metadata."
G044,within_folder,Pityriasis rubra pilaris/25.jpg,Pityriasis rubra pilaris/prp6.jpg,"Identical decoded pixels and same folder. Prefer source-linked/descriptive filename, no v2 suffix, then preserve richer original file metadata."
G045,within_folder,Pityriasis rubra pilaris/26.jpg,Pityriasis rubra pilaris/prp7.jpg,"Identical decoded pixels and same folder. Prefer source-linked/descriptive filename, no v2 suffix, then preserve richer original file metadata."
G046,within_folder,Pityriasis rubra pilaris/27.jpg,Pityriasis rubra pilaris/prp8.jpg,"Identical decoded pixels and same folder. Prefer source-linked/descriptive filename, no v2 suffix, then preserve richer original file metadata."
G047,within_folder,Pityriasis rubra pilaris/29.jpg,Pityriasis rubra pilaris/prp9.jpg,"Identical decoded pixels and same folder. Prefer source-linked/descriptive filename, no v2 suffix, then preserve richer original file metadata."
G057,within_folder,Psoriasis/genital-psoriasis-32.jpg,Psoriasis/flexural-psoriasis16-s.jpg,"Identical decoded pixels and same folder. Prefer source-linked/descriptive filename, no v2 suffix, then preserve richer original file metadata."
G058,within_folder,Psoriasis/infant-boy-ps1-s.jpg,Psoriasis/genital-psoriasis-01.jpg,"Identical decoded pixels and same folder. Prefer source-linked/descriptive filename, no v2 suffix, then preserve richer original file metadata."
G059,within_folder,Psoriasis/infant-boy-ps2-s.jpg,Psoriasis/genital-psoriasis-02.jpg,"Identical decoded pixels and same folder. Prefer source-linked/descriptive filename, no v2 suffix, then preserve richer original file metadata."
G063,within_folder,Venous eczema/acute-lipodermatosclerosis-12.jpg,Venous eczema/acute-lipodermatosclerosis-10.jpg,"Identical decoded pixels and same folder. Prefer source-linked/descriptive filename, no v2 suffix, then preserve richer original file metadata."
G064,within_folder,Venous eczema/acute-lipodermatosclerosis-24.jpg,Venous eczema/acute-lipodermatosclerosis-18.jpg,"Identical decoded pixels and same folder. Prefer source-linked/descriptive filename, no v2 suffix, then preserve richer original file metadata."
G001,cross_folder,Prurigo/05.jpg,Atopic dermatitis/atopic-dermatitis-0049.jpg,"Source gallery identifies atopic dermatitis, not only the prurigo manifestation."
G002,cross_folder,Prurigo/09.jpg,Atopic dermatitis/eapsimplex1.jpg,Source explicitly identifies pruritic atopic dermatitis.
G003,cross_folder,Cutaneous lupus erythematosus/lupus-sc4.jpg,Systemic lupus erythematosus/sle-13.jpg,"Both labels have source support. Keep the source copy with explicit systemic lupus caption; preserve cutaneous lupus as an alternative source label, not a proven wrong label."
G004,cross_folder,Postinflammatory hyperpigmentation/10.jpg,Epidermolysis bullosa acquisita/epidermolysis-bullosa-acquisita-0002.jpg,Source identifies scars and milia due to EBA; keep the documented disease over a pigmentation label.
G005,cross_folder,Postinflammatory hyperpigmentation/11.jpg,Epidermolysis bullosa acquisita/epidermolysis-bullosa-acquisita-0003.jpg,Source identifies milia after EBA blister healing.
G007,cross_folder,Erythema multiforme/mycoplasma1.jpg,Mycoplasma pneumoniae infection/mycoplasma1.jpg,Source explicitly identifies erythema multiforme due to mycoplasma. Preserve erythema multiforme as manifestation metadata.
G008,cross_folder,Erythema multiforme/mycoplasma2.jpg,Mycoplasma pneumoniae infection/mycoplasma2.jpg,Source explicitly identifies erythema multiforme due to mycoplasma. Preserve erythema multiforme as manifestation metadata.
G009,cross_folder,Oral candidiasis/05.jpg,Herpes simplex/herpes-simplex-labialis-38.jpg,Exact source pixel match in herpes simplex gallery; oral candidiasis has no matching provenance.
G010,cross_folder,Oral candidiasis/06.jpg,Herpes simplex/herpes-simplex-labialis-39.jpg,Exact source pixel match in herpes simplex gallery; oral candidiasis has no matching provenance.
G011,cross_folder,Pyoderma/01.jpg,Leg ulcer/3042.jpg,Exact source image is captioned leg ulcer; Pyoderma copy has no case-specific source.
G012,cross_folder,Postinflammatory hyperpigmentation/05.jpg,Lichen planus/annular-lichen-planus-0007.jpg,Source identifies resolving annular lichen planus leaving pigmentation. Keep the disease and preserve the pigmentation manifestation.
G013,cross_folder,Postinflammatory hyperpigmentation/15.jpg,Lichen planus/papular-lichen-planus-0009.jpg,Source identifies axillary pigmentation due to lichen planus.
G014,cross_folder,Postinflammatory hyperpigmentation/16.jpg,Lichen planus/papular-lichen-planus-0010.jpg,Source identifies axillary lichen planus with post-inflammatory pigmentation.
G015,cross_folder,Milium/milia08.jpg,Porphyria cutanea tarda/03.jpg,"Although filename is milia08 and the page is milia, the actual image caption is Porphyria cutanea tarda. Keep the caption-supported disease."
G016,cross_folder,Mycoplasma pneumoniae infection/reactive-infectious-mucocutaneous-eruption-0008.jpg,Oral mucositis - Stomatitis/81.jpg,Source identifies severe oral mucositis due to RIME without establishing Mycoplasma for this patient. Retain the supported oral manifestation; preserve source condition RIME and mark organism-specific diagnosis unsupported.
G021,cross_folder,Onychocryptosis/01.jpg,Paronychia/3296.jpg,"Exact match to the original asset under fungal/paronychia and the paronychia source gallery. Preserve ingrown toenail as alternative context, not a proven false finding."
G022,cross_folder,Onychomycosis/47.jpg,Tinea manuum/05.jpg,Exact source image is Tinea manuum; keep the source-supported label over inferred fungal nail diagnosis.
G023,cross_folder,Oral mucositis - Stomatitis/18.jpg,Oral candidiasis/03.jpg,Source image candida-stomatitis has explicit caption Oral candidiasis; prefer the specific documented condition over general stomatitis.
G024,cross_folder,Palmoplantar keratoderma/35.jpg,Pityriasis rubra pilaris/11.jpg,Source identifies plantar hyperkeratosis in type 1 PRP; preserve keratoderma as manifestation.
G025,cross_folder,Palmoplantar keratoderma/36.jpg,Pityriasis rubra pilaris/12.jpg,Source identifies plantar hyperkeratosis in type 1 PRP; preserve keratoderma as manifestation.
G026,cross_folder,Venous eczema/acute-lipodermatosclerosis-21.jpg,Panniculitis/03.jpg,Source identifies acute lipodermatosclerosis. DermNet lists lipodermatosclerosis under panniculitis. Retain the existing supported parent label and record the precise source diagnosis; do not classify it as venous eczema.
G027,cross_folder,Venous eczema/acute-lipodermatosclerosis-22.jpg,Panniculitis/04.jpg,Source identifies acute lipodermatosclerosis. DermNet lists lipodermatosclerosis under panniculitis. Retain the existing supported parent label and record the precise source diagnosis; do not classify it as venous eczema.
G028,cross_folder,Pyoderma/08.jpg,Pediculosis capitis/12.jpg,Source metadata identifies scalp pyoderma due to pediculosis. Keep the documented underlying condition and preserve pyoderma as complication.
G029,cross_folder,Postinflammatory hyperpigmentation/24.jpg,Pemphigoid gestationis/37.jpg,Exact source metadata identifies pemphigoid gestationis on pregnant abdomen.
G030,cross_folder,Postinflammatory hyperpigmentation/25.jpg,Pemphigoid gestationis/38.jpg,Exact source metadata identifies pemphigoid gestationis on hands.
G031,cross_folder,Purpura/20.jpg,Pigmented purpura/capil1.jpg,Source caption is Schamberg purpura; prefer specific pigmented purpura over general purpura.
G032,cross_folder,Varicose veins/01.jpg,Pigmented purpura/capillaritis-38.jpg,Exact source image in capillaritis gallery; source does not establish varicose veins for this image.
G033,cross_folder,Purpura/21.jpg,Pigmented purpura/capillaritis-47.jpg,Exact source image in capillaritis gallery; prefer specific pigmented purpura over general purpura.
G034,cross_folder,Purpura/82.jpg,Pigmented purpura/purpura1.jpg,"Exact pixel match is the source image captioned Pigmented purpuric dermatitis. The same basename elsewhere is captioned Suction bruise, but that other source file does not match these pixels. Filename alone was not used."
G048,cross_folder,Plasmacytoma/04.jpg,Purpura/101.jpg,"Exact source metadata identifies senile purpura, with no support for plasmacytoma."
G049,cross_folder,Pyoderma/07.jpg,Porphyria cutanea tarda/04.jpg,"Exact source metadata identifies porphyria cutanea tarda, with no case-specific support for Pyoderma."
G050,cross_folder,Postinflammatory hyperpigmentation/21.jpg,outputs/image-dedup-20261002/pending_label_review/G050/21.jpg,"Both original files are identical. Exhaustive targeted source searches did not establish which disease label is correct. Preserve one representative outside the active labelled image set, without assigning a diagnosis; back up both original paths."
G050,cross_folder,Prurigo/64.jpg,outputs/image-dedup-20261002/pending_label_review/G050/21.jpg,"Both original files are identical. Exhaustive targeted source searches did not establish which disease label is correct. Preserve one representative outside the active labelled image set, without assigning a diagnosis; back up both original paths."
G051,cross_folder,Postinflammatory hyperpigmentation/30.jpg,Pretibial myxoedema/10.jpg,Source identifies pretibial myxoedema; pigmentation is a manifestation and not the primary source label.
G052,cross_folder,Postinflammatory hyperpigmentation/31.jpg,Pretibial myxoedema/11.jpg,Source identifies pretibial myxoedema and history of thyrotoxicosis.
G053,cross_folder,Prurigo/06.jpg,Pruritus/07.jpg,"Source image chronic-pruritus-01 is described as scratching related to dermatitis. Keep the existing pruritus context; do not infer primary prurigo. Retained category is a symptom, not a new diagnosis of a dermatitis subtype."
G054,cross_folder,Pruritus/42.jpg,Prurigo/98.jpg,"Source image title is Pruritus, but detailed source metadata explicitly identifies Prurigo in HIV disease. Keep the more specific documented manifestation; no new HIV category is created."
G055,cross_folder,Prurigo/99.jpg,Varicose veins/05.jpg,Source explicitly captions this image Varicose veins; prurigo is not established by the source.
G056,cross_folder,Purpura/98.jpg,Pruritus/56.jpg,Source image scratching-itch-2 is explicitly identified as Pruritus. Purpura is not established by the source.
G060,cross_folder,Purpura/96.jpg,Scurvy/01.jpg,Source scurvy article documents this purpura image; retain documented disease and preserve purpura as manifestation.
G061,cross_folder,Purpura/97.jpg,Scurvy/02.jpg,Source scurvy article documents corkscrew hairs and purpura; retain documented disease.
G062,cross_folder,Sarcoidosis/01.jpg,Tinea capitis/01.jpg,Exact source image blackdot-tinea-1 is captioned Black dot scalp ringworm; no support for sarcoidosis.
